No.,Item,Time,Power,Force,Tail Length,EFO Current,Temp,Ball-area,Ball-Version ,Ball-Shear,Ball-Size(X) ,Ball-Size(Y) ,Ball-Size(Z) 
1,1,30,60,40,250,35,160,5,P,47.38,72,74,12
2,1,30,60,40,250,35,160,5,P,52.4,70,69,13
3,1,30,60,40,250,35,160,5,P,51.56,70,71,12
4,1,30,60,40,250,35,160,5,P,49.36,68,69,13
5,1,30,60,40,250,35,160,5,P,48.72,72,71,12
6,1,30,60,40,250,35,160,5,P,54.09,71,76,13
7,1,30,60,40,250,35,160,5,P,46.56,72,70,14
8,1,30,60,40,250,35,160,5,P,49.86,70,72,12
9,1,30,60,40,250,35,160,5,P,47.69,68,70,13
10,1,30,60,40,250,35,160,5,P,45.83,70,74,13
11,1,30,60,40,250,35,160,5,N,49.04,72,74,13
12,1,30,60,40,250,35,160,5,N,48.85,0.7,72,13
13,1,30,60,40,250,35,160,5,N,51.39,74,75,13
14,1,30,60,40,250,35,160,5,N,50.67,70,69,13
15,1,30,60,40,250,35,160,5,N,49.2,72,72,13
16,1,30,60,40,250,35,160,5,N,49.02,72,75,13
17,1,30,60,40,250,35,160,5,N,49.74,72,70,14
18,1,30,60,40,250,35,160,5,N,44.17,70,72,13
19,1,30,60,40,250,35,160,5,N,48.34,70,72,13
20,1,30,60,40,250,35,160,5,N,40.36,70,72,13
21,1,30,60,40,250,35,160,15,P,49.73,70,73,13
22,1,30,60,40,250,35,160,15,P,50.48,70,71,13
23,1,30,60,40,250,35,160,15,P,51.98,72,72,13
24,1,30,60,40,250,35,160,15,P,50.17,70,71,13
25,1,30,60,40,250,35,160,15,P,48.63,72,74,13
26,1,30,60,40,250,35,160,15,P,51.35,72,74,13
27,1,30,60,40,250,35,160,15,P,51.81,72,71,13
28,1,30,60,40,250,35,160,15,P,45.34,70,68,13
29,1,30,60,40,250,35,160,15,P,48.77,70,74,13
30,1,30,60,40,250,35,160,15,P,46.32,68,70,13
31,1,30,60,40,250,35,160,15,N,49.13,70,72,13
32,1,30,60,40,250,35,160,15,N,48.79,70,71,14
33,1,30,60,40,250,35,160,15,N,49.94,72,75,13
34,1,30,60,40,250,35,160,15,N,47.82,70,71,14
35,1,30,60,40,250,35,160,15,N,53.23,72,74,13
36,1,30,60,40,250,35,160,15,N,48.68,72,73,13
37,1,30,60,40,250,35,160,15,N,49.06,72,74,13
38,1,30,60,40,250,35,160,15,N,56.13,70,70,13
39,1,30,60,40,250,35,160,15,N,53.05,72,74,13
40,1,30,60,40,250,35,160,15,N,45.32,70,70,13
41,1,30,60,40,250,35,160,25,P,47.12,70,74,14
42,1,30,60,40,250,35,160,25,P,48.34,68,70,13
43,1,30,60,40,250,35,160,25,P,52.35,72,71,13
44,1,30,60,40,250,35,160,25,P,48.89,68,68,13
45,1,30,60,40,250,35,160,25,P,51.99,70,72,13
46,1,30,60,40,250,35,160,25,P,49.13,72,74,14
47,1,30,60,40,250,35,160,25,P,49.1,68,69,13
48,1,30,60,40,250,35,160,25,P,46.01,68,70,13
49,1,30,60,40,250,35,160,25,P,49.04,70,71,13
50,1,30,60,40,250,35,160,25,P,45.74,70,73,13
51,1,30,60,40,250,35,160,25,N,50.14,72,73,13
52,1,30,60,40,250,35,160,25,N,48.71,70,70,13
53,1,30,60,40,250,35,160,25,N,50.96,72,75,14
54,1,30,60,40,250,35,160,25,N,52.5,70,71,13
55,1,30,60,40,250,35,160,25,N,47.46,72,78,13
56,1,30,60,40,250,35,160,25,N,40.76,72,76,14
57,1,30,60,40,250,35,160,25,N,47.49,72,75,12
58,1,30,60,40,250,35,160,25,N,49.5,70,71,13
59,1,30,60,40,250,35,160,25,N,49.04,72,74,13
60,1,30,60,40,250,35,160,25,N,43.34,70,72,13
61,2,40,60,40,250,35,160,5,P,48.46,70,72,13
62,2,40,60,40,250,35,160,5,P,51.77,70,69,13
63,2,40,60,40,250,35,160,5,P,51.4,70,69,12
64,2,40,60,40,250,35,160,5,P,48.08,70,70,13
65,2,40,60,40,250,35,160,5,P,53.03,72,75,13
66,2,40,60,40,250,35,160,5,P,49.89,70,70,14
67,2,40,60,40,250,35,160,5,P,53.21,72,72,13
68,2,40,60,40,250,35,160,5,P,48.07,70,70,13
69,2,40,60,40,250,35,160,5,P,48.84,74,76,13
70,2,40,60,40,250,35,160,5,P,43.45,70,69,13
71,2,40,60,40,250,35,160,5,N,48.07,70,69,13
72,2,40,60,40,250,35,160,5,N,51.84,70,72,13
73,2,40,60,40,250,35,160,5,N,51.69,72,76,13
74,2,40,60,40,250,35,160,5,N,48.35,72,73,13
75,2,40,60,40,250,35,160,5,N,47.55,72,78,13
76,2,40,60,40,250,35,160,5,N,48.13,72,74,13
77,2,40,60,40,250,35,160,5,N,48.72,72,74,14
78,2,40,60,40,250,35,160,5,N,53.86,72,74,13
79,2,40,60,40,250,35,160,5,N,47.58,70,76,12
80,2,40,60,40,250,35,160,5,N,45.86,72,73,13
81,2,40,60,40,250,35,160,15,P,46.62,70,72,13
82,2,40,60,40,250,35,160,15,P,52.14,70,71,13
83,2,40,60,40,250,35,160,15,P,54,72,75,13
84,2,40,60,40,250,35,160,15,P,51.62,70,73,13
85,2,40,60,40,250,35,160,15,P,53.09,72,76,12
86,2,40,60,40,250,35,160,15,P,43.27,74,77,13
87,2,40,60,40,250,35,160,15,P,53.26,70,72,13
88,2,40,60,40,250,35,160,15,P,45.01,72,72,12
89,2,40,60,40,250,35,160,15,P,51.29,72,72,13
90,2,40,60,40,250,35,160,15,P,49.65,72,73,13
91,2,40,60,40,250,35,160,15,N,47.62,73,73,13
92,2,40,60,40,250,35,160,15,N,45.87,72,77,13
93,2,40,60,40,250,35,160,15,N,50.71,72,77,13
94,2,40,60,40,250,35,160,15,N,48.31,70,69,13
95,2,40,60,40,250,35,160,15,N,49.28,72,75,14
96,2,40,60,40,250,35,160,15,N,54.04,72,74,14
97,2,40,60,40,250,35,160,15,N,50.84,72,73,13
98,2,40,60,40,250,35,160,15,N,49.01,70,71,13
99,2,40,60,40,250,35,160,15,N,52.14,72,75,13
100,2,40,60,40,250,35,160,15,N,42.66,72,74,13
101,2,40,60,40,250,35,160,25,P,44.73,72,75,13
102,2,40,60,40,250,35,160,25,P,52.93,72,71,13
103,2,40,60,40,250,35,160,25,P,50.06,72,73,13
104,2,40,60,40,250,35,160,25,P,50.92,70,70,13
105,2,40,60,40,250,35,160,25,P,47.76,70,71,13
106,2,40,60,40,250,35,160,25,P,49.21,72,76,13
107,2,40,60,40,250,35,160,25,P,48.94,68,70,13
108,2,40,60,40,250,35,160,25,P,49.17,68,71,13
109,2,40,60,40,250,35,160,25,P,46.22,72,71,13
110,2,40,60,40,250,35,160,25,P,49.29,72,75,13
111,2,40,60,40,250,35,160,25,N,53.64,74,77,13
112,2,40,60,40,250,35,160,25,N,51.39,72,76,13
113,2,40,60,40,250,35,160,25,N,48.59,72,76,13
114,2,40,60,40,250,35,160,25,N,49.94,72,72,13
115,2,40,60,40,250,35,160,25,N,48.84,72,78,13
116,2,40,60,40,250,35,160,25,N,48.66,74,78,13
117,2,40,60,40,250,35,160,25,N,48.97,72,74,13
118,2,40,60,40,250,35,160,25,N,44.79,70,71,13
119,2,40,60,40,250,35,160,25,N,48,72,74,14
120,2,40,60,40,250,35,160,25,N,45.95,70,73,13
121,3,50,60,40,250,35,160,5,P,46.96,70,75,12
122,3,50,60,40,250,35,160,5,P,55.01,70,70,12
123,3,50,60,40,250,35,160,5,P,52.93,68,69,14
124,3,50,60,40,250,35,160,5,P,51.93,68,69,13
125,3,50,60,40,250,35,160,5,P,53.46,68,70,13
126,3,50,60,40,250,35,160,5,P,42.54,72,77,13
127,3,50,60,40,250,35,160,5,P,48.06,70,70,11
128,3,50,60,40,250,35,160,5,P,43.37,70,70,13
129,3,50,60,40,250,35,160,5,P,51.34,68,69,12
130,3,50,60,40,250,35,160,5,P,43.04,70,78,12
131,3,50,60,40,250,35,160,5,N,52.71,74,79,11
132,3,50,60,40,250,35,160,5,N,51.05,72,71,12
133,3,50,60,40,250,35,160,5,N,50.37,72,74,13
134,3,50,60,40,250,35,160,5,N,47.94,70,72,13
135,3,50,60,40,250,35,160,5,N,49.03,70,71,12
136,3,50,60,40,250,35,160,5,N,40.67,74,77,11
137,3,50,60,40,250,35,160,5,N,47.64,70,74,12
138,3,50,60,40,250,35,160,5,N,50.66,72,69,12
139,3,50,60,40,250,35,160,5,N,47.15,73,75,12
140,3,50,60,40,250,35,160,5,N,39.07,72,77,12
141,3,50,60,40,250,35,160,15,P,46.35,71,75,12
142,3,50,60,40,250,35,160,15,P,55.03,70,74,12
143,3,50,60,40,250,35,160,15,P,55.36,70,74,12
144,3,50,60,40,250,35,160,15,P,47.06,70,73,12
145,3,50,60,40,250,35,160,15,P,53.29,72,78,13
146,3,50,60,40,250,35,160,15,P,45.65,72,78,13
147,3,50,60,40,250,35,160,15,P,51.18,70,70,13
148,3,50,60,40,250,35,160,15,P,54.33,72,75,13
149,3,50,60,40,250,35,160,15,P,48,72,74,13
150,3,50,60,40,250,35,160,15,P,46.06,70,73,12
151,3,50,60,40,250,35,160,15,N,45.12,72,76,12
152,3,50,60,40,250,35,160,15,N,49.04,72,73,12
153,3,50,60,40,250,35,160,15,N,50.35,71,76,12
154,3,50,60,40,250,35,160,15,N,46.45,70,70,13
155,3,50,60,40,250,35,160,15,N,54.04,74,77,13
156,3,50,60,40,250,35,160,15,N,55.79,72,77,14
157,3,50,60,40,250,35,160,15,N,50.86,70,74,13
158,3,50,60,40,250,35,160,15,N,47.07,71,74,13
159,3,50,60,40,250,35,160,15,N,48.39,72,75,13
160,3,50,60,40,250,35,160,15,N,50.56,70,73,13
161,3,50,60,40,250,35,160,25,P,46.79,74,78,12
162,3,50,60,40,250,35,160,25,P,48.56,70,70,12
163,3,50,60,40,250,35,160,25,P,47.48,70,78,13
164,3,50,60,40,250,35,160,25,P,53.15,68,70,12
165,3,50,60,40,250,35,160,25,P,49.9,70,69,13
166,3,50,60,40,250,35,160,25,P,52.87,74,76,13
167,3,50,60,40,250,35,160,25,P,46.44,70,71,13
168,3,50,60,40,250,35,160,25,P,46.3,70,72,13
169,3,50,60,40,250,35,160,25,P,46.39,68,70,13
170,3,50,60,40,250,35,160,25,P,42.43,72,74,14
171,3,50,60,40,250,35,160,25,N,44.96,72,76,13
172,3,50,60,40,250,35,160,25,N,47.17,72,75,12
173,3,50,60,40,250,35,160,25,N,49.22,72,76,13
174,3,50,60,40,250,35,160,25,N,46.56,69,75,13
175,3,50,60,40,250,35,160,25,N,49.18,70,74,13
176,3,50,60,40,250,35,160,25,N,46.8,72,78,14
177,3,50,60,40,250,35,160,25,N,46.74,72,76,13
178,3,50,60,40,250,35,160,25,N,51.17,70,73,13
179,3,50,60,40,250,35,160,25,N,50.28,75,76,14
180,3,50,60,40,250,35,160,25,N,44.14,72,73,13
181,4,40,45,40,250,35,160,5,P,47.98,68,69,13
182,4,40,45,40,250,35,160,5,P,51.2,68,69,13
183,4,40,45,40,250,35,160,5,P,52.02,70,69,14
184,4,40,45,40,250,35,160,5,P,49.75,68,68,13
185,4,40,45,40,250,35,160,5,P,50.23,68,68,13
186,4,40,45,40,250,35,160,5,P,47.74,70,69,13
187,4,40,45,40,250,35,160,5,P,50.29,70,69,13
188,4,40,45,40,250,35,160,5,P,54.35,70,70,13
189,4,40,45,40,250,35,160,5,P,50.97,70,71,13
190,4,40,45,40,250,35,160,5,P,48.37,68,68,13
191,4,40,45,40,250,35,160,5,N,45.54,70,69,13
192,4,40,45,40,250,35,160,5,N,48.84,72,69,14
193,4,40,45,40,250,35,160,5,N,51.72,70,70,14
194,4,40,45,40,250,35,160,5,N,49.92,68,69,14
195,4,40,45,40,250,35,160,5,N,48.64,68,68,13
196,4,40,45,40,250,35,160,5,N,49.74,70,69,13
197,4,40,45,40,250,35,160,5,N,47.58,70,69,13
198,4,40,45,40,250,35,160,5,N,49.92,72,69,13
199,4,40,45,40,250,35,160,5,N,48.73,68,70,13
200,4,40,45,40,250,35,160,5,N,46.58,68,70,13
201,4,40,45,40,250,35,160,15,P,50.79,70,69,14
202,4,40,45,40,250,35,160,15,P,49.1,68,69,14
203,4,40,45,40,250,35,160,15,P,58.29,70,68,13
204,4,40,45,40,250,35,160,15,P,48.48,68,68,13
205,4,40,45,40,250,35,160,15,P,50.09,70,71,13
206,4,40,45,40,250,35,160,15,P,49.94,70,69,14
207,4,40,45,40,250,35,160,15,P,51.05,70,69,14
208,4,40,45,40,250,35,160,15,P,48.51,70,69,14
209,4,40,45,40,250,35,160,15,P,51.13,68,70,14
210,4,40,45,40,250,35,160,15,P,47.8,68,68,14
211,4,40,45,40,250,35,160,15,N,49.25,70,69,14
212,4,40,45,40,250,35,160,15,N,51.73,70,69,14
213,4,40,45,40,250,35,160,15,N,52.37,68,70,13
214,4,40,45,40,250,35,160,15,N,49.05,70,69,14
215,4,40,45,40,250,35,160,15,N,49.54,70,71,14
216,4,40,45,40,250,35,160,15,N,49.08,72,69,14
217,4,40,45,40,250,35,160,15,N,49.91,69,70,14
218,4,40,45,40,250,35,160,15,N,50.71,68,69,14
219,4,40,45,40,250,35,160,15,N,51.43,70,70,14
220,4,40,45,40,250,35,160,15,N,46.63,68,68,14
221,4,40,45,40,250,35,160,25,P,49.32,70,69,14
222,4,40,45,40,250,35,160,25,P,53.28,68,68,14
223,4,40,45,40,250,35,160,25,P,49.65,70,70,14
224,4,40,45,40,250,35,160,25,P,51.04,68,68,14
225,4,40,45,40,250,35,160,25,P,54.33,70,70,14
226,4,40,45,40,250,35,160,25,P,49.26,70,69,14
227,4,40,45,40,250,35,160,25,P,49.3,68,70,13
228,4,40,45,40,250,35,160,25,P,51.69,68,68,13
229,4,40,45,40,250,35,160,25,P,47.38,70,69,13
230,4,40,45,40,250,35,160,25,P,43.11,68,69,14
231,4,40,45,40,250,35,160,25,N,46.79,70,70,13
232,4,40,45,40,250,35,160,25,N,51.13,70,70,13
233,4,40,45,40,250,35,160,25,N,50.89,70,70,14
234,4,40,45,40,250,35,160,25,N,47.98,68,69,14
235,4,40,45,40,250,35,160,25,N,46.41,70,69,13
236,4,40,45,40,250,35,160,25,N,48.72,70,70,13
237,4,40,45,40,250,35,160,25,N,47.86,70,70,13
238,4,40,45,40,250,35,160,25,N,47.57,70,68,13
239,4,40,45,40,250,35,160,25,N,51.68,68,70,13
240,4,40,45,40,250,35,160,25,N,47.84,70,69,14
241,5,40,60,40,250,35,160,5,P,47.61,70,73,13
242,5,40,60,40,250,35,160,5,P,50.06,68,69,13
243,5,40,60,40,250,35,160,5,P,49.73,68,71,12
244,5,40,60,40,250,35,160,5,P,47.85,69,69,13
245,5,40,60,40,250,35,160,5,P,48.08,70,70,13
246,5,40,60,40,250,35,160,5,P,46.16,72,78,14
247,5,40,60,40,250,35,160,5,P,46.63,70,69,13
248,5,40,60,40,250,35,160,5,P,50.72,70,74,14
249,5,40,60,40,250,35,160,5,P,47.83,70,70,14
250,5,40,60,40,250,35,160,5,P,41.97,40,74,13
251,5,40,60,40,250,35,160,5,N,45.56,72,76,13
252,5,40,60,40,250,35,160,5,N,49.18,68,71,13
253,5,40,60,40,250,35,160,5,N,52.57,72,71,12
254,5,40,60,40,250,35,160,5,N,49.64,72,72,13
255,5,40,60,40,250,35,160,5,N,45.93,74,75,13
256,5,40,60,40,250,35,160,5,N,50.52,72,78,14
257,5,40,60,40,250,35,160,5,N,46.67,72,74,12
258,5,40,60,40,250,35,160,5,N,49.13,70,74,14
259,5,40,60,40,250,35,160,5,N,49.35,68,70,14
260,5,40,60,40,250,35,160,5,N,43.57,70,76,13
261,5,40,60,40,250,35,160,15,P,44.45,70,71,13
262,5,40,60,40,250,35,160,15,P,47.46,70,76,13
263,5,40,60,40,250,35,160,15,P,45.18,72,69,14
264,5,40,60,40,250,35,160,15,P,48.9,70,71,14
265,5,40,60,40,250,35,160,15,P,48.05,72,77,14
266,5,40,60,40,250,35,160,15,P,42.62,72,72,14
267,5,40,60,40,250,35,160,15,P,50.38,70,75,13
268,5,40,60,40,250,35,160,15,P,47.82,72,75,13
269,5,40,60,40,250,35,160,15,P,49.33,68,69,13
270,5,40,60,40,250,35,160,15,P,48.49,72,74,13
271,5,40,60,40,250,35,160,15,N,42.05,68,71,13
272,5,40,60,40,250,35,160,15,N,49.18,70,75,14
273,5,40,60,40,250,35,160,15,N,45.66,70,70,14
274,5,40,60,40,250,35,160,15,N,49.92,70,71,14
275,5,40,60,40,250,35,160,15,N,50.7,70,75,14
276,5,40,60,40,250,35,160,15,N,48.27,70,75,14
277,5,40,60,40,250,35,160,15,N,48.41,70,74,13
278,5,40,60,40,250,35,160,15,N,51.5,72,76,13
279,5,40,60,40,250,35,160,15,N,50.07,70,71,13
280,5,40,60,40,250,35,160,15,N,49.1,72,75,13
281,5,40,60,40,250,35,160,25,P,46.52,70,73,13
282,5,40,60,40,250,35,160,25,P,51.19,70,72,13
283,5,40,60,40,250,35,160,25,P,51.63,70,68,12
284,5,40,60,40,250,35,160,25,P,48.83,70,70,13
285,5,40,60,40,250,35,160,25,P,49.54,72,78,14
286,5,40,60,40,250,35,160,25,P,41.29,70,69,13
287,5,40,60,40,250,35,160,25,P,49.84,68,72,14
288,5,40,60,40,250,35,160,25,P,45,68,72,13
289,5,40,60,40,250,35,160,25,P,47.96,72,73,14
290,5,40,60,40,250,35,160,25,P,45.6,70,74,13
291,5,40,60,40,250,35,160,25,N,46.62,70,72,13
292,5,40,60,40,250,35,160,25,N,51.85,70,73,13
293,5,40,60,40,250,35,160,25,N,52.74,71,72,12
294,5,40,60,40,250,35,160,25,N,47.65,74,76,13
295,5,40,60,40,250,35,160,25,N,46.92,73,77,14
296,5,40,60,40,250,35,160,25,N,43.79,74,74,13
297,5,40,60,40,250,35,160,25,N,46.56,70,73,14
298,5,40,60,40,250,35,160,25,N,41.37,72,77,13
299,5,40,60,40,250,35,160,25,N,49.63,70,76,14
300,5,40,60,40,250,35,160,25,N,42.67,72,76,13
301,6,40,75,40,250,35,160,5,P,46.03,74,77,13
302,6,40,75,40,250,35,160,5,P,48.23,78,101,11
303,6,40,75,40,250,35,160,5,P,38.67,78,82,13
304,6,40,75,40,250,35,160,5,P,44.43,78,101,13
305,6,40,75,40,250,35,160,5,P,46.72,76,87,12
306,6,40,75,40,250,35,160,5,P,46.98,80,100,11
307,6,40,75,40,250,35,160,5,P,48.39,76,95,10
308,6,40,75,40,250,35,160,5,P,47.87,76,89,13
309,6,40,75,40,250,35,160,5,P,52.03,74,89,12
310,6,40,75,40,250,35,160,5,P,50.7,70,74,11
311,6,40,75,40,250,35,160,5,N,47.73,76,82,12
312,6,40,75,40,250,35,160,5,N,48.52,78,90,11
313,6,40,75,40,250,35,160,5,N,40.07,76,87,13
314,6,40,75,40,250,35,160,5,N,42.36,76,90,13
315,6,40,75,40,250,35,160,5,N,41.17,78,89,12
316,6,40,75,40,250,35,160,5,N,45.68,76,91,11
317,6,40,75,40,250,35,160,5,N,49.48,78,90,10
318,6,40,75,40,250,35,160,5,N,49.99,74,87,13
319,6,40,75,40,250,35,160,5,N,51.63,76,94,12
320,6,40,75,40,250,35,160,5,N,36.59,76,84,11
321,6,40,75,40,250,35,160,15,P,44.09,76,95,12
322,6,40,75,40,250,35,160,15,P,42.26,76,82,13
323,6,40,75,40,250,35,160,15,P,49.75,76,94,12
324,6,40,75,40,250,35,160,15,P,48.67,72,82,12
325,6,40,75,40,250,35,160,15,P,45.64,80,100,11
326,6,40,75,40,250,35,160,15,P,49.27,78,96,12
327,6,40,75,40,250,35,160,15,P,45.4,74,87,10
328,6,40,75,40,250,35,160,15,P,50.03,76,84,13
329,6,40,75,40,250,35,160,15,P,45.06,78,95,13
330,6,40,75,40,250,35,160,15,P,46.63,74,89,13
331,6,40,75,40,250,35,160,15,N,40.04,74,90,12
332,6,40,75,40,250,35,160,15,N,52.07,76,84,12
333,6,40,75,40,250,35,160,15,N,49.08,76,89,12
334,6,40,75,40,250,35,160,15,N,50.36,76,82,12
335,6,40,75,40,250,35,160,15,N,43.89,78,88,11
336,6,40,75,40,250,35,160,15,N,41.82,76,87,12
337,6,40,75,40,250,35,160,15,N,53.05,76,88,11
338,6,40,75,40,250,35,160,15,N,45.16,74,81,12
339,6,40,75,40,250,35,160,15,N,42.64,74,80,13
340,6,40,75,40,250,35,160,15,N,37.17,76,83,13
341,6,40,75,40,250,35,160,25,P,46.65,78,100,11
342,6,40,75,40,250,35,160,25,P,47.13,72,77,14
343,6,40,75,40,250,35,160,25,P,43.15,76,89,12
344,6,40,75,40,250,35,160,25,P,39.86,76,86,13
345,6,40,75,40,250,35,160,25,P,49.26,70,75,13
346,6,40,75,40,250,35,160,25,P,42.76,72,77,12
347,6,40,75,40,250,35,160,25,P,48.52,74,94,12
348,6,40,75,40,250,35,160,25,P,42.64,76,90,12
349,6,40,75,40,250,35,160,25,P,54.38,76,92,12
350,6,40,75,40,250,35,160,25,P,54.59,74,78,14
351,6,40,75,40,250,35,160,25,N,48.66,78,96,11
352,6,40,75,40,250,35,160,25,N,46.38,78,88,11
353,6,40,75,40,250,35,160,25,N,39.05,78,80,12
354,6,40,75,40,250,35,160,25,N,49.33,78,83,13
355,6,40,75,40,250,35,160,25,N,36.92,76,85,12
356,6,40,75,40,250,35,160,25,N,41.54,76,88,13
357,6,40,75,40,250,35,160,25,N,47.94,76,84,12
358,6,40,75,40,250,35,160,25,N,51.04,78,91,11
359,6,40,75,40,250,35,160,25,N,46.19,70,83,12
360,6,40,75,40,250,35,160,25,N,42.01,76,85,14
361,7,40,60,30,250,35,160,5,P,44.17,72,73,12
362,7,40,60,30,250,35,160,5,P,47.2,72,74,11
363,7,40,60,30,250,35,160,5,P,52.42,73,74,12
364,7,40,60,30,250,35,160,5,P,50.36,70,71,12
365,7,40,60,30,250,35,160,5,P,48.76,73,74,15
366,7,40,60,30,250,35,160,5,P,43.88,72,74,14
367,7,40,60,30,250,35,160,5,P,51.58,74,72,12
368,7,40,60,30,250,35,160,5,P,46.79,72,72,14
369,7,40,60,30,250,35,160,5,P,52.48,74,76,9
370,7,40,60,30,250,35,160,5,P,46.75,72,72,14
371,7,40,60,30,250,35,160,5,N,47.06,74,75,13
372,7,40,60,30,250,35,160,5,N,44.68,74,70,15
373,7,40,60,30,250,35,160,5,N,52.58,72,72,11
374,7,40,60,30,250,35,160,5,N,52.53,75,77,11
375,7,40,60,30,250,35,160,5,N,50.09,75,76,12
376,7,40,60,30,250,35,160,5,N,46.77,72,76,11
377,7,40,60,30,250,35,160,5,N,48.75,74,76,9
378,7,40,60,30,250,35,160,5,N,47.37,74,72,11
379,7,40,60,30,250,35,160,5,N,51.96,74,73,15
380,7,40,60,30,250,35,160,5,N,47.64,74,76,10
381,7,40,60,30,250,35,160,15,P,48.25,73,77,14
382,7,40,60,30,250,35,160,15,P,49.65,72,73,13
383,7,40,60,30,250,35,160,15,P,51.88,75,73,10
384,7,40,60,30,250,35,160,15,P,50.29,72,72,10
385,7,40,60,30,250,35,160,15,P,51.06,74,74,13
386,7,40,60,30,250,35,160,15,P,50.71,72,77,13
387,7,40,60,30,250,35,160,15,P,49.76,73,72,12
388,7,40,60,30,250,35,160,15,P,50.58,72,74,13
389,7,40,60,30,250,35,160,15,P,51.88,72,75,11
390,7,40,60,30,250,35,160,15,P,48.47,72,72,13
391,7,40,60,30,250,35,160,15,N,45.54,72,74,10
392,7,40,60,30,250,35,160,15,N,49.55,73,73,12
393,7,40,60,30,250,35,160,15,N,50.26,74,73,11
394,7,40,60,30,250,35,160,15,N,52.09,72,73,9
395,7,40,60,30,250,35,160,15,N,51.07,74,75,14
396,7,40,60,30,250,35,160,15,N,51.05,72,75,11
397,7,40,60,30,250,35,160,15,N,50.17,74,73,12
398,7,40,60,30,250,35,160,15,N,52.85,74,74,10
399,7,40,60,30,250,35,160,15,N,51.35,74,77,9
400,7,40,60,30,250,35,160,15,N,48.91,72,73,12
401,7,40,60,30,250,35,160,25,P,46.76,73,78,13
402,7,40,60,30,250,35,160,25,P,52.62,75,74,13
403,7,40,60,30,250,35,160,25,P,53.58,74,74,11
404,7,40,60,30,250,35,160,25,P,50.13,71,72,12
405,7,40,60,30,250,35,160,25,P,51.95,74,74,15
406,7,40,60,30,250,35,160,25,P,48.83,74,75,16
407,7,40,60,30,250,35,160,25,P,48.67,73,74,15
408,7,40,60,30,250,35,160,25,P,46.83,71,76,9
409,7,40,60,30,250,35,160,25,P,51.14,74,75,13
410,7,40,60,30,250,35,160,25,P,48.45,72,71,13
411,7,40,60,30,250,35,160,25,N,48,75,76,13
412,7,40,60,30,250,35,160,25,N,49.76,76,79,10
413,7,40,60,30,250,35,160,25,N,51.52,73,73,11
414,7,40,60,30,250,35,160,25,N,50.83,73,75,14
415,7,40,60,30,250,35,160,25,N,51.5,74,77,12
416,7,40,60,30,250,35,160,25,N,46.88,75,76,10
417,7,40,60,30,250,35,160,25,N,48.66,74,77,12
418,7,40,60,30,250,35,160,25,N,49.29,74,75,9
419,7,40,60,30,250,35,160,25,N,49.56,74,76,12
420,7,40,60,30,250,35,160,25,N,49.66,72,74,12
421,8,40,60,40,250,35,160,5,P,48.15,74,76,15
422,8,40,60,40,250,35,160,5,P,47.6,71,75,12
423,8,40,60,40,250,35,160,5,P,52.64,73,77,12
424,8,40,60,40,250,35,160,5,P,48.9,72,73,13
425,8,40,60,40,250,35,160,5,P,51.26,73,76,11
426,8,40,60,40,250,35,160,5,P,49.15,73,77,12
427,8,40,60,40,250,35,160,5,P,51.75,75,77,10
428,8,40,60,40,250,35,160,5,P,49.85,73,76,15
429,8,40,60,40,250,35,160,5,P,50.56,74,76,14
430,8,40,60,40,250,35,160,5,P,45.98,71,75,13
431,8,40,60,40,250,35,160,5,N,46.84,74,77,13
432,8,40,60,40,250,35,160,5,N,51.11,74,78,10
433,8,40,60,40,250,35,160,5,N,51.47,74,77,10
434,8,40,60,40,250,35,160,5,N,52.21,74,75,13
435,8,40,60,40,250,35,160,5,N,54.62,75,80,13
436,8,40,60,40,250,35,160,5,N,48.52,73,80,14
437,8,40,60,40,250,35,160,5,N,52.47,76,80,7
438,8,40,60,40,250,35,160,5,N,49.05,72,76,11
439,8,40,60,40,250,35,160,5,N,52.04,76,78,12
440,8,40,60,40,250,35,160,5,N,49.54,74,76,16
441,8,40,60,40,250,35,160,15,P,46.76,74,75,13
442,8,40,60,40,250,35,160,15,P,51.26,72,76,17
443,8,40,60,40,250,35,160,15,P,51.77,74,74,12
444,8,40,60,40,250,35,160,15,P,48.97,74,74,14
445,8,40,60,40,250,35,160,15,P,49.68,75,77,11
446,8,40,60,40,250,35,160,15,P,48.41,78,75,15
447,8,40,60,40,250,35,160,15,P,49.5,74,75,16
448,8,40,60,40,250,35,160,15,P,48.05,73,74,14
449,8,40,60,40,250,35,160,15,P,47.11,74,76,13
450,8,40,60,40,250,35,160,15,P,49.36,73,74,13
451,8,40,60,40,250,35,160,15,N,48.89,74,78,10
452,8,40,60,40,250,35,160,15,N,47.97,72,74,10
453,8,40,60,40,250,35,160,15,N,51.5,74,77,10
454,8,40,60,40,250,35,160,15,N,50.99,74,76,11
455,8,40,60,40,250,35,160,15,N,49.75,74,79,11
456,8,40,60,40,250,35,160,15,N,51.95,75,80,12
457,8,40,60,40,250,35,160,15,N,49.95,74,74,14
458,8,40,60,40,250,35,160,15,N,48.91,73,75,13
459,8,40,60,40,250,35,160,15,N,54.43,75,77,11
460,8,40,60,40,250,35,160,15,N,51.56,73,74,14
461,8,40,60,40,250,35,160,25,P,47.02,76,81,10
462,8,40,60,40,250,35,160,25,P,52.94,72,73,11
463,8,40,60,40,250,35,160,25,P,50.96,75,81,10
464,8,40,60,40,250,35,160,25,P,48.25,71,73,16
465,8,40,60,40,250,35,160,25,P,51.88,75,79,13
466,8,40,60,40,250,35,160,25,P,47.97,75,77,14
467,8,40,60,40,250,35,160,25,P,51.43,72,75,14
468,8,40,60,40,250,35,160,25,P,52.36,74,74,14
469,8,40,60,40,250,35,160,25,P,49.45,72,75,12
470,8,40,60,40,250,35,160,25,P,48.95,72,78,13
471,8,40,60,40,250,35,160,25,N,47.84,82,79,13
472,8,40,60,40,250,35,160,25,N,52.43,72,74,10
473,8,40,60,40,250,35,160,25,N,53.06,75,81,10
474,8,40,60,40,250,35,160,25,N,50.08,74,75,12
475,8,40,60,40,250,35,160,25,N,54.55,77,81,10
476,8,40,60,40,250,35,160,25,N,50.65,74,79,9
477,8,40,60,40,250,35,160,25,N,51.05,78,81,10
478,8,40,60,40,250,35,160,25,N,51.36,72,77,11
479,8,40,60,40,250,35,160,25,N,49.08,75,80,12
480,8,40,60,40,250,35,160,25,N,48.07,72,76,11
481,9,40,60,50,250,35,160,5,P,41.497,77,81,14
482,9,40,60,50,250,35,160,5,P,48.803,74,74,16
483,9,40,60,50,250,35,160,5,P,47.858,75,76,11
484,9,40,60,50,250,35,160,5,P,45.647,75,75,11
485,9,40,60,50,250,35,160,5,P,47.882,75,78,12
486,9,40,60,50,250,35,160,5,P,49.527,78,83,11
487,9,40,60,50,250,35,160,5,P,44.035,77,84,12
488,9,40,60,50,250,35,160,5,P,50.376,77,78,14
489,9,40,60,50,250,35,160,5,P,46.284,75,80,14
490,9,40,60,50,250,35,160,5,P,47.765,75,77,11
491,9,40,60,50,250,35,160,5,N,41.235,78,82,13
492,9,40,60,50,250,35,160,5,N,48.928,75,78,10
493,9,40,60,50,250,35,160,5,N,46.158,78,82,9
494,9,40,60,50,250,35,160,5,N,40.094,78,79,11
495,9,40,60,50,250,35,160,5,N,49.895,77,79,12
496,9,40,60,50,250,35,160,5,N,43.331,78,83,11
497,9,40,60,50,250,35,160,5,N,47.041,78,81,10
498,9,40,60,50,250,35,160,5,N,47.133,75,80,10
499,9,40,60,50,250,35,160,5,N,49.23,77,81,13
500,9,40,60,50,250,35,160,5,N,45.9,71,78,15
501,9,40,60,50,250,35,160,15,P,44.19,77,83,13
502,9,40,60,50,250,35,160,15,P,43.262,74,79,12
503,9,40,60,50,250,35,160,15,P,50.336,74,77,10
504,9,40,60,50,250,35,160,15,P,47.975,74,79,11
505,9,40,60,50,250,35,160,15,P,42.773,77,84,10
506,9,40,60,50,250,35,160,15,P,47.77,77,77,17
507,9,40,60,50,250,35,160,15,P,46.51,77,79,10
508,9,40,60,50,250,35,160,15,P,49.953,75,76,12
509,9,40,60,50,250,35,160,15,P,47.382,77,81,12
510,9,40,60,50,250,35,160,15,P,47.645,74,74,13
511,9,40,60,50,250,35,160,15,N,46.056,75,82,10
512,9,40,60,50,250,35,160,15,N,44.305,74,78,12
513,9,40,60,50,250,35,160,15,N,50.942,75,82,12
514,9,40,60,50,250,35,160,15,N,45.288,78,79,11
515,9,40,60,50,250,35,160,15,N,46.56,75,84,10
516,9,40,60,50,250,35,160,15,N,44.996,75,79,12
517,9,40,60,50,250,35,160,15,N,46.757,75,80,13
518,9,40,60,50,250,35,160,15,N,50.538,71,76,11
519,9,40,60,50,250,35,160,15,N,49.513,75,83,11
520,9,40,60,50,250,35,160,15,N,49.575,74,75,10
521,9,40,60,50,250,35,160,25,P,44.773,76,83,14
522,9,40,60,50,250,35,160,25,P,48.523,75,72,14
523,9,40,60,50,250,35,160,25,P,51.05,75,80,11
524,9,40,60,50,250,35,160,25,P,45.741,74,73,15
525,9,40,60,50,250,35,160,25,P,44.643,74,78,12
526,9,40,60,50,250,35,160,25,P,43.656,74,78,12
527,9,40,60,50,250,35,160,25,P,46.03,75,79,12
528,9,40,60,50,250,35,160,25,P,48.369,74,76,12
529,9,40,60,50,250,35,160,25,P,50.858,75,77,13
530,9,40,60,50,250,35,160,25,P,44.899,71,72,13
531,9,40,60,50,250,35,160,25,N,42.644,75,83,11
532,9,40,60,50,250,35,160,25,N,45.753,74,77,10
533,9,40,60,50,250,35,160,25,N,49.82,77,84,10
534,9,40,60,50,250,35,160,25,N,47.508,77,77,13
535,9,40,60,50,250,35,160,25,N,48.059,75,80,11
536,9,40,60,50,250,35,160,25,N,45.536,77,77,9
537,9,40,60,50,250,35,160,25,N,44.923,75,83,12
538,9,40,60,50,250,35,160,25,N,47.016,75,80,12
539,9,40,60,50,250,35,160,25,N,44.821,75,83,12
540,9,40,60,50,250,35,160,25,N,45.342,74,74,12
541,10,40,60,40,200,35,160,5,P,39.784,71,78,13
542,10,40,60,40,200,35,160,5,P,44.259,71,72,11
543,10,40,60,40,200,35,160,5,P,44.477,73,79,11
544,10,40,60,40,200,35,160,5,P,44.129,71,73,12
545,10,40,60,40,200,35,160,5,P,44.81,73,75,14
546,10,40,60,40,200,35,160,5,P,45.326,74,74,12
547,10,40,60,40,200,35,160,5,P,46.428,74,76,14
548,10,40,60,40,200,35,160,5,P,48.434,71,73,13
549,10,40,60,40,200,35,160,5,P,47.836,74,74,13
550,10,40,60,40,200,35,160,5,P,45.444,71,72,13
551,10,40,60,40,200,35,160,5,N,41.744,74,81,13
552,10,40,60,40,200,35,160,5,N,41.168,73,74,10
553,10,40,60,40,200,35,160,5,N,47.253,73,78,10
554,10,40,60,40,200,35,160,5,N,43.859,74,75,13
555,10,40,60,40,200,35,160,5,N,43.824,75,77,12
556,10,40,60,40,200,35,160,5,N,47.12,73,76,11
557,10,40,60,40,200,35,160,5,N,47.03,77,78,13
558,10,40,60,40,200,35,160,5,N,47.761,71,73,13
559,10,40,60,40,200,35,160,5,N,47.912,75,77,11
560,10,40,60,40,200,35,160,5,N,44.532,71,74,10
561,10,40,60,40,200,35,160,15,P,44.009,75,78,12
562,10,40,60,40,200,35,160,15,P,41.565,73,73,10
563,10,40,60,40,200,35,160,15,P,44.27,74,72,13
564,10,40,60,40,200,35,160,15,P,43.273,71,75,12
565,10,40,60,40,200,35,160,15,P,44.814,71,73,13
566,10,40,60,40,200,35,160,15,P,44.941,71,72,17
567,10,40,60,40,200,35,160,15,P,45.674,75,77,14
568,10,40,60,40,200,35,160,15,P,38.897,71,75,15
569,10,40,60,40,200,35,160,15,P,45.172,74,76,13
570,10,40,60,40,200,35,160,15,P,44.333,71,72,14
571,10,40,60,40,200,35,160,15,N,44.278,77,80,14
572,10,40,60,40,200,35,160,15,N,47.389,73,74,11
573,10,40,60,40,200,35,160,15,N,49.847,71,75,10
574,10,40,60,40,200,35,160,15,N,45.864,74,72,14
575,10,40,60,40,200,35,160,15,N,44.884,71,76,14
576,10,40,60,40,200,35,160,15,N,44.566,71,73,14
577,10,40,60,40,200,35,160,15,N,46.985,74,77,13
578,10,40,60,40,200,35,160,15,N,39.517,74,74,13
579,10,40,60,40,200,35,160,15,N,46.911,74,78,13
580,10,40,60,40,200,35,160,15,N,44.599,71,71,13
581,10,40,60,40,200,35,160,25,P,41.794,74,80,13
582,10,40,60,40,200,35,160,25,P,44.318,73,73,14
583,10,40,60,40,200,35,160,25,P,46.042,74,74,13
584,10,40,60,40,200,35,160,25,P,43.07,71,72,13
585,10,40,60,40,200,35,160,25,P,41.962,71,76,13
586,10,40,60,40,200,35,160,25,P,38.649,71,76,14
587,10,40,60,40,200,35,160,25,P,44.868,74,74,13
588,10,40,60,40,200,35,160,25,P,46.927,71,73,13
589,10,40,60,40,200,35,160,25,P,45.752,74,78,14
590,10,40,60,40,200,35,160,25,P,44.522,73,75,13
591,10,40,60,40,200,35,160,25,N,42.99,74,81,13
592,10,40,60,40,200,35,160,25,N,47.061,73,74,13
593,10,40,60,40,200,35,160,25,N,43.46,74,75,12
594,10,40,60,40,200,35,160,25,N,40.439,71,73,13
595,10,40,60,40,200,35,160,25,N,38.112,75,77,13
596,10,40,60,40,200,35,160,25,N,44.666,71,77,13
597,10,40,60,40,200,35,160,25,N,42.665,75,79,12
598,10,40,60,40,200,35,160,25,N,42.989,71,75,13
599,10,40,60,40,200,35,160,25,N,44.598,71,81,12
600,10,40,60,40,200,35,160,25,N,49.692,75,75,13
601,11,40,60,40,250,35,160,5,P,48.16,74,78,15
602,11,40,60,40,250,35,160,5,P,50.49,71,73,14
603,11,40,60,40,250,35,160,5,P,49.05,71,78,13
604,11,40,60,40,250,35,160,5,P,47.74,73,73,14
605,11,40,60,40,250,35,160,5,P,47.35,74,80,14
606,11,40,60,40,250,35,160,5,P,44.21,74,80,13
607,11,40,60,40,250,35,160,5,P,41.68,74,77,13
608,11,40,60,40,250,35,160,5,P,52.66,74,73,13
609,11,40,60,40,250,35,160,5,P,51.1,74,74,15
610,11,40,60,40,250,35,160,5,P,52.1,74,77,13
611,11,40,60,40,250,35,160,5,N,44.31,73,78,11
612,11,40,60,40,250,35,160,5,N,46.26,75,76,13
613,11,40,60,40,250,35,160,5,N,53.03,75,78,15
614,11,40,60,40,250,35,160,5,N,49.33,73,75,13
615,11,40,60,40,250,35,160,5,N,47.64,75,81,13
616,11,40,60,40,250,35,160,5,N,45.75,74,79,13
617,11,40,60,40,250,35,160,5,N,49.96,75,80,13
618,11,40,60,40,250,35,160,5,N,46.26,74,75,13
619,11,40,60,40,250,35,160,5,N,54.47,74,78,14
620,11,40,60,40,250,35,160,5,N,51.72,74,76,14
621,11,40,60,40,250,35,160,15,P,46.96,74,76,14
622,11,40,60,40,250,35,160,15,P,50.85,74,75,13
623,11,40,60,40,250,35,160,15,P,49.82,71,77,13
624,11,40,60,40,250,35,160,15,P,45.28,74,77,14
625,11,40,60,40,250,35,160,15,P,50.25,71,78,14
626,11,40,60,40,250,35,160,15,P,49.47,74,76,13
627,11,40,60,40,250,35,160,15,P,45.39,74,75,13
628,11,40,60,40,250,35,160,15,P,49.04,74,78,13
629,11,40,60,40,250,35,160,15,P,51.57,71,77,15
630,11,40,60,40,250,35,160,15,P,48.42,73,77,14
631,11,40,60,40,250,35,160,15,N,49.42,74,79,15
632,11,40,60,40,250,35,160,15,N,43.51,74,76,13
633,11,40,60,40,250,35,160,15,N,51.92,75,77,13
634,11,40,60,40,250,35,160,15,N,48.65,74,73,14
635,11,40,60,40,250,35,160,15,N,49.62,74,77,13
636,11,40,60,40,250,35,160,15,N,49.99,74,74,13
637,11,40,60,40,250,35,160,15,N,48.2,74,77,14
638,11,40,60,40,250,35,160,15,N,50.49,71,77,13
639,11,40,60,40,250,35,160,15,N,53.56,71,73,14
640,11,40,60,40,250,35,160,15,N,51.57,74,75,13
641,11,40,60,40,250,35,160,25,P,47.64,74,80,14
642,11,40,60,40,250,35,160,25,P,52.08,71,72,15
643,11,40,60,40,250,35,160,25,P,48.71,72,74,14
644,11,40,60,40,250,35,160,25,P,46.26,72,72,13
645,11,40,60,40,250,35,160,25,P,49.36,74,76,13
646,11,40,60,40,250,35,160,25,P,45.89,77,76,14
647,11,40,60,40,250,35,160,25,P,43.46,71,74,14
648,11,40,60,40,250,35,160,25,P,46.99,71,73,13
649,11,40,60,40,250,35,160,25,P,47.21,75,75,13
650,11,40,60,40,250,35,160,25,P,48.56,71,76,14
651,11,40,60,40,250,35,160,25,N,46.48,75,80,13
652,11,40,60,40,250,35,160,25,N,52.89,71,73,14
653,11,40,60,40,250,35,160,25,N,52.07,75,76,13
654,11,40,60,40,250,35,160,25,N,45.66,74,76,13
655,11,40,60,40,250,35,160,25,N,50.7,75,80,13
656,11,40,60,40,250,35,160,25,N,45.76,75,78,13
657,11,40,60,40,250,35,160,25,N,50.67,78,79,14
658,11,40,60,40,250,35,160,25,N,46.04,71,76,14
659,11,40,60,40,250,35,160,25,N,51.15,71,76,13
660,11,40,60,40,250,35,160,25,N,49.6,74,76,14
661,12,40,60,40,300,35,160,5,P,48.57,71,77,14
662,12,40,60,40,300,35,160,5,P,47.95,74,74,13
663,12,40,60,40,300,35,160,5,P,49.5,74,74,14
664,12,40,60,40,300,35,160,5,P,47.22,71,73,13
665,12,40,60,40,300,35,160,5,P,46.95,75,75,14
666,12,40,60,40,300,35,160,5,P,50.49,74,78,14
667,12,40,60,40,300,35,160,5,P,46.83,72,73,13
668,12,40,60,40,300,35,160,5,P,49.97,74,75,13
669,12,40,60,40,300,35,160,5,P,54.28,75,77,13
670,12,40,60,40,300,35,160,5,P,50.29,75,78,16
671,12,40,60,40,300,35,160,5,N,53.61,78,79,13
672,12,40,60,40,300,35,160,5,N,45.88,75,80,13
673,12,40,60,40,300,35,160,5,N,51.78,71,77,15
674,12,40,60,40,300,35,160,5,N,50.27,75,74,13
675,12,40,60,40,300,35,160,5,N,47.46,74,79,14
676,12,40,60,40,300,35,160,5,N,45.15,75,80,13
677,12,40,60,40,300,35,160,5,N,46.01,75,78,13
678,12,40,60,40,300,35,160,5,N,45.55,72,78,13
679,12,40,60,40,300,35,160,5,N,54.24,72,79,13
680,12,40,60,40,300,35,160,5,N,47.77,74,78,13
681,12,40,60,40,300,35,160,15,P,47.7,74,78,13
682,12,40,60,40,300,35,160,15,P,50.96,72,77,14
683,12,40,60,40,300,35,160,15,P,54.25,71,76,14
684,12,40,60,40,300,35,160,15,P,51.26,74,75,13
685,12,40,60,40,300,35,160,15,P,49.93,74,79,14
686,12,40,60,40,300,35,160,15,P,43.8,77,76,13
687,12,40,60,40,300,35,160,15,P,49.56,72,76,14
688,12,40,60,40,300,35,160,15,P,49.54,71,76,14
689,12,40,60,40,300,35,160,15,P,51.7,74,75,14
690,12,40,60,40,300,35,160,15,P,51.63,73,74,13
691,12,40,60,40,300,35,160,15,N,49.75,74,77,13
692,12,40,60,40,300,35,160,15,N,52.66,74,78,15
693,12,40,60,40,300,35,160,15,N,54.66,74,78,14
694,12,40,60,40,300,35,160,15,N,52.28,73,75,13
695,12,40,60,40,300,35,160,15,N,47.41,74,78,13
696,12,40,60,40,300,35,160,15,N,48.71,75,77,13
697,12,40,60,40,300,35,160,15,N,52.34,74,78,15
698,12,40,60,40,300,35,160,15,N,52.44,72,74,13
699,12,40,60,40,300,35,160,15,N,47.94,72,77,14
700,12,40,60,40,300,35,160,15,N,50.32,74,73,13
701,12,40,60,40,300,35,160,25,P,46.12,74,79,15
702,12,40,60,40,300,35,160,25,P,49.84,73,78,13
703,12,40,60,40,300,35,160,25,P,44.64,73,76,13
704,12,40,60,40,300,35,160,25,P,47.05,74,74,15
705,12,40,60,40,300,35,160,25,P,49.42,75,80,13
706,12,40,60,40,300,35,160,25,P,48.01,74,76,15
707,12,40,60,40,300,35,160,25,P,48.92,74,73,14
708,12,40,60,40,300,35,160,25,P,51.61,74,76,16
709,12,40,60,40,300,35,160,25,P,55.26,73,74,16
710,12,40,60,40,300,35,160,25,P,48.97,72,75,13
711,12,40,60,40,300,35,160,25,N,44.72,75,81,13
712,12,40,60,40,300,35,160,25,N,48.94,72,75,13
713,12,40,60,40,300,35,160,25,N,49.35,72,80,12
714,12,40,60,40,300,35,160,25,N,44.75,75,79,13
715,12,40,60,40,300,35,160,25,N,44.84,75,80,13
716,12,40,60,40,300,35,160,25,N,48.52,75,78,13
717,12,40,60,40,300,35,160,25,N,52.36,75,80,15
718,12,40,60,40,300,35,160,25,N,48.54,75,72,17
719,12,40,60,40,300,35,160,25,N,55.96,71,75,13
720,12,40,60,40,300,35,160,25,N,54.47,74,77,15
721,13,40,60,40,250,25,160,5,P,37.543,72,75,10
722,13,40,60,40,250,25,160,5,P,40.831,69,71,10
723,13,40,60,40,250,25,160,5,P,40.145,70,74,11
724,13,40,60,40,250,25,160,5,P,39.598,70,72,10
725,13,40,60,40,250,25,160,5,P,34.744,70,77,10
726,13,40,60,40,250,25,160,5,P,41.893,70,78,10
727,13,40,60,40,250,25,160,5,P,40.053,72,74,10
728,13,40,60,40,250,25,160,5,P,35.287,70,72,9
729,13,40,60,40,250,25,160,5,P,37.881,70,73,9
730,13,40,60,40,250,25,160,5,P,38.985,70,73,9
731,13,40,60,40,250,25,160,5,N,33.57,74,75,10
732,13,40,60,40,250,25,160,5,N,35.796,70,72,9
733,13,40,60,40,250,25,160,5,N,38.268,72,77,10
734,13,40,60,40,250,25,160,5,N,33.757,72,74,11
735,13,40,60,40,250,25,160,5,N,32.277,72,76,10
736,13,40,60,40,250,25,160,5,N,36.623,72,75,9
737,13,40,60,40,250,25,160,5,N,43.146,76,77,9
738,13,40,60,40,250,25,160,5,N,35.926,70,75,9
739,13,40,60,40,250,25,160,5,N,42.232,70,77,9
740,13,40,60,40,250,25,160,5,N,33.798,70,72,10
741,13,40,60,40,250,25,160,15,P,40.922,70,74,10
742,13,40,60,40,250,25,160,15,P,38.342,70,71,9
743,13,40,60,40,250,25,160,15,P,40.623,72,77,10
744,13,40,60,40,250,25,160,15,P,40.863,70,75,9
745,13,40,60,40,250,25,160,15,P,41.827,70,77,10
746,13,40,60,40,250,25,160,15,P,34.042,70,77,10
747,13,40,60,40,250,25,160,15,P,40.035,70,78,9
748,13,40,60,40,250,25,160,15,P,33.496,70,74,10
749,13,40,60,40,250,25,160,15,P,40.236,70,75,10
750,13,40,60,40,250,25,160,15,P,35.639,72,74,10
751,13,40,60,40,250,25,160,15,N,39.238,70,76,10
752,13,40,60,40,250,25,160,15,N,36.514,69,72,10
753,13,40,60,40,250,25,160,15,N,39.708,72,78,10
754,13,40,60,40,250,25,160,15,N,39.01,70,73,10
755,13,40,60,40,250,25,160,15,N,35.802,72,77,10
756,13,40,60,40,250,25,160,15,N,35.124,70,76,9
757,13,40,60,40,250,25,160,15,N,42.169,70,76,9
758,13,40,60,40,250,25,160,15,N,36.553,72,73,10
759,13,40,60,40,250,25,160,15,N,36.106,70,76,9
760,13,40,60,40,250,25,160,15,N,37.598,70,74,9
761,13,40,60,40,250,25,160,25,P,33.761,71,79,10
762,13,40,60,40,250,25,160,25,P,43.966,70,71,9
763,13,40,60,40,250,25,160,25,P,40.773,68,71,10
764,13,40,60,40,250,25,160,25,P,40.399,70,71,9
765,13,40,60,40,250,25,160,25,P,34.088,70,76,10
766,13,40,60,40,250,25,160,25,P,34.107,70,76,10
767,13,40,60,40,250,25,160,25,P,37.502,70,71,10
768,13,40,60,40,250,25,160,25,P,38.851,70,72,10
769,13,40,60,40,250,25,160,25,P,40.45,70,75,10
770,13,40,60,40,250,25,160,25,P,35.734,70,76,10
771,13,40,60,40,250,25,160,25,N,35.261,72,80,9
772,13,40,60,40,250,25,160,25,N,41.706,70,77,9
773,13,40,60,40,250,25,160,25,N,38.731,70,76,9
774,13,40,60,40,250,25,160,25,N,37.126,72,74,9
775,13,40,60,40,250,25,160,25,N,37.826,70,76,10
776,13,40,60,40,250,25,160,25,N,36.127,70,77,10
777,13,40,60,40,250,25,160,25,N,37.375,72,75,9
778,13,40,60,40,250,25,160,25,N,32.814,72,75,9
779,13,40,60,40,250,25,160,25,N,34.86,70,76,10
780,13,40,60,40,250,25,160,25,N,35.43,70,75,10
781,14,40,60,40,250,35,160,5,P,50.23,70,77,12
782,14,40,60,40,250,35,160,5,P,49.74,71,72,13
783,14,40,60,40,250,35,160,5,P,53.67,74,76,13
784,14,40,60,40,250,35,160,5,P,45.99,74,77,12
785,14,40,60,40,250,35,160,5,P,46.79,71,72,13
786,14,40,60,40,250,35,160,5,P,47.31,70,76,11
787,14,40,60,40,250,35,160,5,P,50.47,72,74,12
788,14,40,60,40,250,35,160,5,P,46.52,70,74,12
789,14,40,60,40,250,35,160,5,P,47.91,70,72,12
790,14,40,60,40,250,35,160,5,P,44.76,71,73,13
791,14,40,60,40,250,35,160,5,N,48.17,72,76,12
792,14,40,60,40,250,35,160,5,N,49.92,72,75,12
793,14,40,60,40,250,35,160,5,N,49.9,72,77,12
794,14,40,60,40,250,35,160,5,N,46.43,73,77,13
795,14,40,60,40,250,35,160,5,N,44.96,72,73,12
796,14,40,60,40,250,35,160,5,N,42.04,74,76,12
797,14,40,60,40,250,35,160,5,N,53.51,73,77,11
798,14,40,60,40,250,35,160,5,N,44.85,72,76,12
799,14,40,60,40,250,35,160,5,N,51.01,70,75,12
800,14,40,60,40,250,35,160,5,N,45.1,70,76,11
801,14,40,60,40,250,35,160,15,P,48.32,72,73,12
802,14,40,60,40,250,35,160,15,P,53.19,72,73,13
803,14,40,60,40,250,35,160,15,P,53.81,70,73,13
804,14,40,60,40,250,35,160,15,P,49.3,71,72,13
805,14,40,60,40,250,35,160,15,P,51.13,72,76,12
806,14,40,60,40,250,35,160,15,P,49.95,72,75,13
807,14,40,60,40,250,35,160,15,P,52.66,70,75,13
808,14,40,60,40,250,35,160,15,P,45.25,72,74,13
809,14,40,60,40,250,35,160,15,P,48.06,72,75,13
810,14,40,60,40,250,35,160,15,P,44.36,72,73,13
811,14,40,60,40,250,35,160,15,N,48.12,72,76,12
812,14,40,60,40,250,35,160,15,N,50.63,72,72,12
813,14,40,60,40,250,35,160,15,N,51.26,74,75,12
814,14,40,60,40,250,35,160,15,N,46.16,70,73,12
815,14,40,60,40,250,35,160,15,N,49.63,72,77,13
816,14,40,60,40,250,35,160,15,N,50.35,72,75,13
817,14,40,60,40,250,35,160,15,N,50.92,73,76,13
818,14,40,60,40,250,35,160,15,N,45.77,70,72,14
819,14,40,60,40,250,35,160,15,N,47.6,72,77,12
820,14,40,60,40,250,35,160,15,N,44.96,72,73,14
821,14,40,60,40,250,35,160,25,P,51.75,76,78,12
822,14,40,60,40,250,35,160,25,P,52.36,70,72,13
823,14,40,60,40,250,35,160,25,P,52.89,70,75,13
824,14,40,60,40,250,35,160,25,P,48.06,69,70,13
825,14,40,60,40,250,35,160,25,P,50.2,70,75,13
826,14,40,60,40,250,35,160,25,P,43.98,73,74,13
827,14,40,60,40,250,35,160,25,P,51.28,73,74,13
828,14,40,60,40,250,35,160,25,P,49.15,70,72,12
829,14,40,60,40,250,35,160,25,P,47.66,72,76,12
830,14,40,60,40,250,35,160,25,P,42.75,72,73,13
831,14,40,60,40,250,35,160,25,N,52.51,72,78,12
832,14,40,60,40,250,35,160,25,N,54.25,72,76,12
833,14,40,60,40,250,35,160,25,N,52.06,72,77,12
834,14,40,60,40,250,35,160,25,N,49.23,70,74,12
835,14,40,60,40,250,35,160,25,N,49.29,72,76,13
836,14,40,60,40,250,35,160,25,N,39.59,72,78,13
837,14,40,60,40,250,35,160,25,N,49.37,74,78,13
838,14,40,60,40,250,35,160,25,N,52.75,72,75,12
839,14,40,60,40,250,35,160,25,N,47.7,72,78,13
840,14,40,60,40,250,35,160,25,N,42.37,72,74,12
841,15,40,60,40,250,45,160,5,P,53.94,70,75,14
842,15,40,60,40,250,45,160,5,P,54.24,70,71,15
843,15,40,60,40,250,45,160,5,P,53.85,71,72,15
844,15,40,60,40,250,45,160,5,P,53.56,70,72,15
845,15,40,60,40,250,45,160,5,P,54.43,72,75,14
846,15,40,60,40,250,45,160,5,P,50.26,73,74,14
847,15,40,60,40,250,45,160,5,P,56.69,72,76,13
848,15,40,60,40,250,45,160,5,P,46.91,70,72,14
849,15,40,60,40,250,45,160,5,P,51.52,74,76,15
850,15,40,60,40,250,45,160,5,P,45.62,69,71,14
851,15,40,60,40,250,45,160,5,N,54.56,75,80,14
852,15,40,60,40,250,45,160,5,N,58.01,71,72,15
853,15,40,60,40,250,45,160,5,N,57.21,70,73,15
854,15,40,60,40,250,45,160,5,N,54.23,70,72,14
855,15,40,60,40,250,45,160,5,N,53.73,72,78,14
856,15,40,60,40,250,45,160,5,N,47.65,70,77,15
857,15,40,60,40,250,45,160,5,N,55.16,72,76,13
858,15,40,60,40,250,45,160,5,N,49.27,70,75,14
859,15,40,60,40,250,45,160,5,N,51.69,74,78,15
860,15,40,60,40,250,45,160,5,N,50.37,72,76,13
861,15,40,60,40,250,45,160,15,P,56.45,74,76,14
862,15,40,60,40,250,45,160,15,P,56.58,70,74,13
863,15,40,60,40,250,45,160,15,P,55.99,72,74,14
864,15,40,60,40,250,45,160,15,P,53.43,70,75,14
865,15,40,60,40,250,45,160,15,P,56.43,70,71,14
866,15,40,60,40,250,45,160,15,P,51.64,70,75,14
867,15,40,60,40,250,45,160,15,P,56.83,70,74,13
868,15,40,60,40,250,45,160,15,P,53.31,70,73,15
869,15,40,60,40,250,45,160,15,P,54.78,70,73,15
870,15,40,60,40,250,45,160,15,P,52.54,70,71,15
871,15,40,60,40,250,45,160,15,N,54.22,70,75,13
872,15,40,60,40,250,45,160,15,N,57.67,70,74,13
873,15,40,60,40,250,45,160,15,N,62.37,73,76,14
874,15,40,60,40,250,45,160,15,N,56.31,72,74,14
875,15,40,60,40,250,45,160,15,N,57.06,70,73,13
876,15,40,60,40,250,45,160,15,N,53.44,72,74,15
877,15,40,60,40,250,45,160,15,N,59.33,70,73,13
878,15,40,60,40,250,45,160,15,N,49.55,70,73,15
879,15,40,60,40,250,45,160,15,N,53.61,74,78,15
880,15,40,60,40,250,45,160,15,N,50.85,70,73,15
881,15,40,60,40,250,45,160,25,P,55.43,72,77,13
882,15,40,60,40,250,45,160,25,P,57.43,70,72,13
883,15,40,60,40,250,45,160,25,P,56.33,70,72,14
884,15,40,60,40,250,45,160,25,P,56.8,72,74,14
885,15,40,60,40,250,45,160,25,P,55.32,75,79,15
886,15,40,60,40,250,45,160,25,P,54.57,70,73,14
887,15,40,60,40,250,45,160,25,P,54.08,71,73,15
888,15,40,60,40,250,45,160,25,P,54.14,71,72,15
889,15,40,60,40,250,45,160,25,P,54.37,72,73,14
890,15,40,60,40,250,45,160,25,P,50.71,70,75,14
891,15,40,60,40,250,45,160,25,N,55.78,74,80,13
892,15,40,60,40,250,45,160,25,N,58.21,70,74,13
893,15,40,60,40,250,45,160,25,N,58.53,70,74,13
894,15,40,60,40,250,45,160,25,N,53.65,71,76,13
895,15,40,60,40,250,45,160,25,N,58.72,74,80,14
896,15,40,60,40,250,45,160,25,N,54.59,74,80,14
897,15,40,60,40,250,45,160,25,N,59.54,72,75,15
898,15,40,60,40,250,45,160,25,N,54.67,70,72,14
899,15,40,60,40,250,45,160,25,N,55.19,72,75,14
900,15,40,60,40,250,45,160,25,N,48.7,70,76,13
901,16,40,60,40,250,35,140,5,P,45.71,72,78,15
902,16,40,60,40,250,35,140,5,P,51.91,69,71,13
903,16,40,60,40,250,35,140,5,P,51.77,69,70,13
904,16,40,60,40,250,35,140,5,P,48.94,69,70,13
905,16,40,60,40,250,35,140,5,P,50.19,70,72,14
906,16,40,60,40,250,35,140,5,P,48.37,70,73,13
907,16,40,60,40,250,35,140,5,P,47.77,70,71,13
908,16,40,60,40,250,35,140,5,P,50.5,72,74,13
909,16,40,60,40,250,35,140,5,P,43.84,70,74,13
910,16,40,60,40,250,35,140,5,P,42.87,69,70,14
911,16,40,60,40,250,35,140,5,N,48.11,72,79,14
912,16,40,60,40,250,35,140,5,N,51.18,72,73,13
913,16,40,60,40,250,35,140,5,N,53.16,69,70,13
914,16,40,60,40,250,35,140,5,N,48.36,70,71,13
915,16,40,60,40,250,35,140,5,N,51.34,74,78,13
916,16,40,60,40,250,35,140,5,N,44.53,70,74,13
917,16,40,60,40,250,35,140,5,N,50,69,71,12
918,16,40,60,40,250,35,140,5,N,47.82,70,73,13
919,16,40,60,40,250,35,140,5,N,45.48,70,76,15
920,16,40,60,40,250,35,140,5,N,45.31,70,72,14
921,16,40,60,40,250,35,140,15,P,48.52,72,73,15
922,16,40,60,40,250,35,140,15,P,53.32,70,72,14
923,16,40,60,40,250,35,140,15,P,52.05,72,75,14
924,16,40,60,40,250,35,140,15,P,52.99,72,74,13
925,16,40,60,40,250,35,140,15,P,48.13,72,74,14
926,16,40,60,40,250,35,140,15,P,49.07,70,73,15
927,16,40,60,40,250,35,140,15,P,47.7,70,72,13
928,16,40,60,40,250,35,140,15,P,51.64,70,71,14
929,16,40,60,40,250,35,140,15,P,51.89,72,73,14
930,16,40,60,40,250,35,140,15,P,47.56,68,69,15
931,16,40,60,40,250,35,140,15,N,50.97,70,71,14
932,16,40,60,40,250,35,140,15,N,52.57,70,72,14
933,16,40,60,40,250,35,140,15,N,52.9,71,77,14
934,16,40,60,40,250,35,140,15,N,50.96,71,73,14
935,16,40,60,40,250,35,140,15,N,48.93,71,75,14
936,16,40,60,40,250,35,140,15,N,49.44,71,76,14
937,16,40,60,40,250,35,140,15,N,46.84,72,75,14
938,16,40,60,40,250,35,140,15,N,50.75,70,70,13
939,16,40,60,40,250,35,140,15,N,52.25,72,76,14
940,16,40,60,40,250,35,140,15,N,48.13,70,71,15
941,16,40,60,40,250,35,140,25,P,47.68,70,79,13
942,16,40,60,40,250,35,140,25,P,52.99,70,70,14
943,16,40,60,40,250,35,140,25,P,51.84,70,73,15
944,16,40,60,40,250,35,140,25,P,50.57,70,72,15
945,16,40,60,40,250,35,140,25,P,51.51,70,74,15
946,16,40,60,40,250,35,140,25,P,47.27,70,74,15
947,16,40,60,40,250,35,140,25,P,49.29,70,71,15
948,16,40,60,40,250,35,140,25,P,51.54,70,72,14
949,16,40,60,40,250,35,140,25,P,49.68,70,74,13
950,16,40,60,40,250,35,140,25,P,44.04,69,70,14
951,16,40,60,40,250,35,140,25,N,48.46,72,80,13
952,16,40,60,40,250,35,140,25,N,50.26,72,73,14
953,16,40,60,40,250,35,140,25,N,54.19,70,71,14
954,16,40,60,40,250,35,140,25,N,52.32,70,75,15
955,16,40,60,40,250,35,140,25,N,50.17,70,75,14
956,16,40,60,40,250,35,140,25,N,45.4,70,76,14
957,16,40,60,40,250,35,140,25,N,51.98,71,72,15
958,16,40,60,40,250,35,140,25,N,45.66,70,71,13
959,16,40,60,40,250,35,140,25,N,51.86,70,76,13
960,16,40,60,40,250,35,140,25,N,43.2,69,71,13
961,17,40,60,40,250,35,160,5,P,46.84,68,72,13
962,17,40,60,40,250,35,160,5,P,48.85,70,71,13
963,17,40,60,40,250,35,160,5,P,56.32,69,70,14
964,17,40,60,40,250,35,160,5,P,45.2,69,70,13
965,17,40,60,40,250,35,160,5,P,50.78,71,74,13
966,17,40,60,40,250,35,160,5,P,48.24,70,75,12
967,17,40,60,40,250,35,160,5,P,51.52,72,75,12
968,17,40,60,40,250,35,160,5,P,44.13,70,75,13
969,17,40,60,40,250,35,160,5,P,43.73,72,75,12
970,17,40,60,40,250,35,160,5,P,44.03,70,73,13
971,17,40,60,40,250,35,160,5,N,48.76,71,73,13
972,17,40,60,40,250,35,160,5,N,53.77,69,71,13
973,17,40,60,40,250,35,160,5,N,52.44,73,79,13
974,17,40,60,40,250,35,160,5,N,45.39,71,74,13
975,17,40,60,40,250,35,160,5,N,44.21,72,75,12
976,17,40,60,40,250,35,160,5,N,47.29,70,77,12
977,17,40,60,40,250,35,160,5,N,48.83,72,77,12
978,17,40,60,40,250,35,160,5,N,44.03,70,73,13
979,17,40,60,40,250,35,160,5,N,42.8,72,74,13
980,17,40,60,40,250,35,160,5,N,44.36,70,73,13
981,17,40,60,40,250,35,160,15,P,51.03,69,71,14
982,17,40,60,40,250,35,160,15,P,54.29,70,72,13
983,17,40,60,40,250,35,160,15,P,52.79,72,77,14
984,17,40,60,40,250,35,160,15,P,50.66,70,72,13
985,17,40,60,40,250,35,160,15,P,51.26,70,74,13
986,17,40,60,40,250,35,160,15,P,46.36,71,77,13
987,17,40,60,40,250,35,160,15,P,51.46,70,73,14
988,17,40,60,40,250,35,160,15,P,52.23,70,75,14
989,17,40,60,40,250,35,160,15,P,50.45,70,73,15
990,17,40,60,40,250,35,160,15,P,43.85,71,73,14
991,17,40,60,40,250,35,160,15,N,50.54,60,70,13
992,17,40,60,40,250,35,160,15,N,52,70,74,13
993,17,40,60,40,250,35,160,15,N,55.84,72,78,13
994,17,40,60,40,250,35,160,15,N,51.25,70,72,13
995,17,40,60,40,250,35,160,15,N,52.96,72,76,13
996,17,40,60,40,250,35,160,15,N,50.46,72,75,14
997,17,40,60,40,250,35,160,15,N,53.67,70,73,13
998,17,40,60,40,250,35,160,15,N,46.03,70,74,14
999,17,40,60,40,250,35,160,15,N,52.81,71,76,14
1000,17,40,60,40,250,35,160,15,N,44.24,70,74,14
1001,17,40,60,40,250,35,160,25,P,50.61,71,74,14
1002,17,40,60,40,250,35,160,25,P,50.28,69,73,13
1003,17,40,60,40,250,35,160,25,P,54.84,73,75,13
1004,17,40,60,40,250,35,160,25,P,49.34,71,72,13
1005,17,40,60,40,250,35,160,25,P,51.4,70,74,13
1006,17,40,60,40,250,35,160,25,P,51.59,70,75,15
1007,17,40,60,40,250,35,160,25,P,50.21,70,72,15
1008,17,40,60,40,250,35,160,25,P,50.67,71,76,15
1009,17,40,60,40,250,35,160,25,P,50.72,70,74,15
1010,17,40,60,40,250,35,160,25,P,45.44,72,76,13
1011,17,40,60,40,250,35,160,25,N,47.17,74,80,14
1012,17,40,60,40,250,35,160,25,N,56.08,71,76,13
1013,17,40,60,40,250,35,160,25,N,49.33,71,76,13
1014,17,40,60,40,250,35,160,25,N,44.79,72,76,13
1015,17,40,60,40,250,35,160,25,N,46.62,72,76,13
1016,17,40,60,40,250,35,160,25,N,49.11,72,77,13
1017,17,40,60,40,250,35,160,25,N,51.25,72,77,15
1018,17,40,60,40,250,35,160,25,N,50.26,71,74,14
1019,17,40,60,40,250,35,160,25,N,46.75,70,77,13
1020,17,40,60,40,250,35,160,25,N,42.34,70,75,13
1021,18,40,60,40,250,35,160,5,P,48.61,70,81,12
1022,18,40,60,40,250,35,180,5,P,52.96,70,74,11
1023,18,40,60,40,250,35,180,5,P,53.62,69,72,11
1024,18,40,60,40,250,35,180,5,P,51.71,69,70,12
1025,18,40,60,40,250,35,180,5,P,50.42,73,77,11
1026,18,40,60,40,250,35,180,5,P,43.39,69,74,12
1027,18,40,60,40,250,35,180,5,P,53.02,72,77,12
1028,18,40,60,40,250,35,180,5,P,48.47,74,79,11
1029,18,40,60,40,250,35,180,5,P,33.96,70,74,11
1030,18,40,60,40,250,35,180,5,P,48.31,71,74,11
1031,18,40,60,40,250,35,180,5,N,50.22,74,79,11
1032,18,40,60,40,250,35,180,5,N,54.26,76,77,11
1033,18,40,60,40,250,35,180,5,N,55.47,70,72,11
1034,18,40,60,40,250,35,180,5,N,52.91,70,74,12
1035,18,40,60,40,250,35,180,5,N,50.25,72,79,12
1036,18,40,60,40,250,35,180,5,N,47.18,72,76,12
1037,18,40,60,40,250,35,180,5,N,49.88,73,79,12
1038,18,40,60,40,250,35,180,5,N,49.52,73,76,11
1039,18,40,60,40,250,35,180,5,N,54.07,75,78,10
1040,18,40,60,40,250,35,180,5,N,46.13,70,71,12
1041,18,40,60,40,250,35,180,15,P,52.47,74,79,12
1042,18,40,60,40,250,35,180,15,P,51.07,72,77,12
1043,18,40,60,40,250,35,180,15,P,52.83,72,78,11
1044,18,40,60,40,250,35,180,15,P,51.78,70,75,12
1045,18,40,60,40,250,35,180,15,P,50.65,72,78,13
1046,18,40,60,40,250,35,180,15,P,48.64,71,74,12
1047,18,40,60,40,250,35,180,15,P,60.84,72,77,13
1048,18,40,60,40,250,35,180,15,P,46.02,70,75,12
1049,18,40,60,40,250,35,180,15,P,55.96,72,74,12
1050,18,40,60,40,250,35,180,15,P,45.16,72,78,12
1051,18,40,60,40,250,35,180,15,N,49.96,72,79,11
1052,18,40,60,40,250,35,180,15,N,52.37,71,79,11
1053,18,40,60,40,250,35,180,15,N,53.6,72,73,12
1054,18,40,60,40,250,35,180,15,N,50.96,72,74,11
1055,18,40,60,40,250,35,180,15,N,53.12,73,77,12
1056,18,40,60,40,250,35,180,15,N,52.26,73,79,13
1057,18,40,60,40,250,35,180,15,N,49.75,71,77,12
1058,18,40,60,40,250,35,180,15,N,45.07,73,75,12
1059,18,40,60,40,250,35,180,15,N,51.55,72,75,12
1060,18,40,60,40,250,35,180,15,N,48.86,70,76,11
1061,18,40,60,40,250,35,180,25,P,46.49,72,80,12
1062,18,40,60,40,250,35,180,25,P,52.22,70,75,13
1063,18,40,60,40,250,35,180,25,P,55.15,72,75,12
1064,18,40,60,40,250,35,180,25,P,50.61,70,75,12
1065,18,40,60,40,250,35,180,25,P,53.06,70,74,11
1066,18,40,60,40,250,35,180,25,P,46.73,71,75,11
1067,18,40,60,40,250,35,180,25,P,48.59,70,77,11
1068,18,40,60,40,250,35,180,25,P,46.88,70,75,11
1069,18,40,60,40,250,35,180,25,P,50.25,72,76,12
1070,18,40,60,40,250,35,180,25,P,45.51,72,78,11
1071,18,40,60,40,250,35,180,25,N,47.3,72,81,12
1072,18,40,60,40,250,35,180,25,N,50.03,75,77,13
1073,18,40,60,40,250,35,180,25,N,56.27,72,74,11
1074,18,40,60,40,250,35,180,25,N,51.97,72,76,12
1075,18,40,60,40,250,35,180,25,N,47.55,72,76,13
1076,18,40,60,40,250,35,180,25,N,51.39,72,77,12
1077,18,40,60,40,250,35,180,25,N,51.15,73,78,11
1078,18,40,60,40,250,35,180,25,N,48.95,72,77,12
1079,18,40,60,40,250,35,180,25,N,48.19,71,79,11
1080,18,40,60,40,250,35,180,25,N,41,72,77,11
