Time,Power,Force,Tail Length,EFO Current,Temp,Ball-area,Ball-Version,Ball-Shear,Ball-Size(X) ,Ball-Size(Y) ,Ball-Size(Z) 
30,60,40,250,35,160,5,1,47.38,72,74,12
30,60,40,250,35,160,5,1,52.4,70,69,13
30,60,40,250,35,160,5,1,51.56,70,71,12
30,60,40,250,35,160,5,1,49.36,68,69,13
30,60,40,250,35,160,5,1,48.72,72,71,12
30,60,40,250,35,160,5,1,54.09,71,76,13
30,60,40,250,35,160,5,1,46.56,72,70,14
30,60,40,250,35,160,5,1,49.86,70,72,12
30,60,40,250,35,160,5,1,47.69,68,70,13
30,60,40,250,35,160,5,1,45.83,70,74,13
30,60,40,250,35,160,5,0,49.04,72,74,13
30,60,40,250,35,160,5,0,48.85,72,72,13
30,60,40,250,35,160,5,0,51.39,74,75,13
30,60,40,250,35,160,5,0,50.67,70,69,13
30,60,40,250,35,160,5,0,49.2,72,72,13
30,60,40,250,35,160,5,0,49.02,72,75,13
30,60,40,250,35,160,5,0,49.74,72,70,14
30,60,40,250,35,160,5,0,44.17,70,72,13
30,60,40,250,35,160,5,0,48.34,70,72,13
30,60,40,250,35,160,5,0,40.36,70,72,13
30,60,40,250,35,160,15,1,49.73,70,73,13
30,60,40,250,35,160,15,1,50.48,70,71,13
30,60,40,250,35,160,15,1,51.98,72,72,13
30,60,40,250,35,160,15,1,50.17,70,71,13
30,60,40,250,35,160,15,1,48.63,72,74,13
30,60,40,250,35,160,15,1,51.35,72,74,13
30,60,40,250,35,160,15,1,51.81,72,71,13
30,60,40,250,35,160,15,1,45.34,70,68,13
30,60,40,250,35,160,15,1,48.77,70,74,13
30,60,40,250,35,160,15,1,46.32,68,70,13
30,60,40,250,35,160,15,0,49.13,70,72,13
30,60,40,250,35,160,15,0,48.79,70,71,14
30,60,40,250,35,160,15,0,49.94,72,75,13
30,60,40,250,35,160,15,0,47.82,70,71,14
30,60,40,250,35,160,15,0,53.23,72,74,13
30,60,40,250,35,160,15,0,48.68,72,73,13
30,60,40,250,35,160,15,0,49.06,72,74,13
30,60,40,250,35,160,15,0,56.13,70,70,13
30,60,40,250,35,160,15,0,53.05,72,74,13
30,60,40,250,35,160,15,0,45.32,70,70,13
30,60,40,250,35,160,25,1,47.12,70,74,14
30,60,40,250,35,160,25,1,48.34,68,70,13
30,60,40,250,35,160,25,1,52.35,72,71,13
30,60,40,250,35,160,25,1,48.89,68,68,13
30,60,40,250,35,160,25,1,51.99,70,72,13
30,60,40,250,35,160,25,1,49.13,72,74,14
30,60,40,250,35,160,25,1,49.1,68,69,13
30,60,40,250,35,160,25,1,46.01,68,70,13
30,60,40,250,35,160,25,1,49.04,70,71,13
30,60,40,250,35,160,25,1,45.74,70,73,13
30,60,40,250,35,160,25,0,50.14,72,73,13
30,60,40,250,35,160,25,0,48.71,70,70,13
30,60,40,250,35,160,25,0,50.96,72,75,14
30,60,40,250,35,160,25,0,52.5,70,71,13
30,60,40,250,35,160,25,0,47.46,72,78,13
30,60,40,250,35,160,25,0,40.76,72,76,14
30,60,40,250,35,160,25,0,47.49,72,75,12
30,60,40,250,35,160,25,0,49.5,70,71,13
30,60,40,250,35,160,25,0,49.04,72,74,13
30,60,40,250,35,160,25,0,43.34,70,72,13
40,60,40,250,35,160,5,1,48.46,70,72,13
40,60,40,250,35,160,5,1,51.77,70,69,13
40,60,40,250,35,160,5,1,51.4,70,69,12
40,60,40,250,35,160,5,1,48.08,70,70,13
40,60,40,250,35,160,5,1,53.03,72,75,13
40,60,40,250,35,160,5,1,49.89,70,70,14
40,60,40,250,35,160,5,1,53.21,72,72,13
40,60,40,250,35,160,5,1,48.07,70,70,13
40,60,40,250,35,160,5,1,48.84,74,76,13
40,60,40,250,35,160,5,1,43.45,70,69,13
40,60,40,250,35,160,5,0,48.07,70,69,13
40,60,40,250,35,160,5,0,51.84,70,72,13
40,60,40,250,35,160,5,0,51.69,72,76,13
40,60,40,250,35,160,5,0,48.35,72,73,13
40,60,40,250,35,160,5,0,47.55,72,78,13
40,60,40,250,35,160,5,0,48.13,72,74,13
40,60,40,250,35,160,5,0,48.72,72,74,14
40,60,40,250,35,160,5,0,53.86,72,74,13
40,60,40,250,35,160,5,0,47.58,70,76,12
40,60,40,250,35,160,5,0,45.86,72,73,13
40,60,40,250,35,160,15,1,46.62,70,72,13
40,60,40,250,35,160,15,1,52.14,70,71,13
40,60,40,250,35,160,15,1,54,72,75,13
40,60,40,250,35,160,15,1,51.62,70,73,13
40,60,40,250,35,160,15,1,53.09,72,76,12
40,60,40,250,35,160,15,1,43.27,74,77,13
40,60,40,250,35,160,15,1,53.26,70,72,13
40,60,40,250,35,160,15,1,45.01,72,72,12
40,60,40,250,35,160,15,1,51.29,72,72,13
40,60,40,250,35,160,15,1,49.65,72,73,13
40,60,40,250,35,160,15,0,47.62,73,73,13
40,60,40,250,35,160,15,0,45.87,72,77,13
40,60,40,250,35,160,15,0,50.71,72,77,13
40,60,40,250,35,160,15,0,48.31,70,69,13
40,60,40,250,35,160,15,0,49.28,72,75,14
40,60,40,250,35,160,15,0,54.04,72,74,14
40,60,40,250,35,160,15,0,50.84,72,73,13
40,60,40,250,35,160,15,0,49.01,70,71,13
40,60,40,250,35,160,15,0,52.14,72,75,13
40,60,40,250,35,160,15,0,42.66,72,74,13
40,60,40,250,35,160,25,1,44.73,72,75,13
40,60,40,250,35,160,25,1,52.93,72,71,13
40,60,40,250,35,160,25,1,50.06,72,73,13
40,60,40,250,35,160,25,1,50.92,70,70,13
40,60,40,250,35,160,25,1,47.76,70,71,13
40,60,40,250,35,160,25,1,49.21,72,76,13
40,60,40,250,35,160,25,1,48.94,68,70,13
40,60,40,250,35,160,25,1,49.17,68,71,13
40,60,40,250,35,160,25,1,46.22,72,71,13
40,60,40,250,35,160,25,1,49.29,72,75,13
40,60,40,250,35,160,25,0,53.64,74,77,13
40,60,40,250,35,160,25,0,51.39,72,76,13
40,60,40,250,35,160,25,0,48.59,72,76,13
40,60,40,250,35,160,25,0,49.94,72,72,13
40,60,40,250,35,160,25,0,48.84,72,78,13
40,60,40,250,35,160,25,0,48.66,74,78,13
40,60,40,250,35,160,25,0,48.97,72,74,13
40,60,40,250,35,160,25,0,44.79,70,71,13
40,60,40,250,35,160,25,0,48,72,74,14
40,60,40,250,35,160,25,0,45.95,70,73,13
50,60,40,250,35,160,5,1,46.96,70,75,12
50,60,40,250,35,160,5,1,55.01,70,70,12
50,60,40,250,35,160,5,1,52.93,68,69,14
50,60,40,250,35,160,5,1,51.93,68,69,13
50,60,40,250,35,160,5,1,53.46,68,70,13
50,60,40,250,35,160,5,1,42.54,72,77,13
50,60,40,250,35,160,5,1,48.06,70,70,11
50,60,40,250,35,160,5,1,43.37,70,70,13
50,60,40,250,35,160,5,1,51.34,68,69,12
50,60,40,250,35,160,5,1,43.04,70,78,12
50,60,40,250,35,160,5,0,52.71,74,79,11
50,60,40,250,35,160,5,0,51.05,72,71,12
50,60,40,250,35,160,5,0,50.37,72,74,13
50,60,40,250,35,160,5,0,47.94,70,72,13
50,60,40,250,35,160,5,0,49.03,70,71,12
50,60,40,250,35,160,5,0,40.67,74,77,11
50,60,40,250,35,160,5,0,47.64,70,74,12
50,60,40,250,35,160,5,0,50.66,72,69,12
50,60,40,250,35,160,5,0,47.15,73,75,12
50,60,40,250,35,160,5,0,39.07,72,77,12
50,60,40,250,35,160,15,1,46.35,71,75,12
50,60,40,250,35,160,15,1,55.03,70,74,12
50,60,40,250,35,160,15,1,55.36,70,74,12
50,60,40,250,35,160,15,1,47.06,70,73,12
50,60,40,250,35,160,15,1,53.29,72,78,13
50,60,40,250,35,160,15,1,45.65,72,78,13
50,60,40,250,35,160,15,1,51.18,70,70,13
50,60,40,250,35,160,15,1,54.33,72,75,13
50,60,40,250,35,160,15,1,48,72,74,13
50,60,40,250,35,160,15,1,46.06,70,73,12
50,60,40,250,35,160,15,0,45.12,72,76,12
50,60,40,250,35,160,15,0,49.04,72,73,12
50,60,40,250,35,160,15,0,50.35,71,76,12
50,60,40,250,35,160,15,0,46.45,70,70,13
50,60,40,250,35,160,15,0,54.04,74,77,13
50,60,40,250,35,160,15,0,55.79,72,77,14
50,60,40,250,35,160,15,0,50.86,70,74,13
50,60,40,250,35,160,15,0,47.07,71,74,13
50,60,40,250,35,160,15,0,48.39,72,75,13
50,60,40,250,35,160,15,0,50.56,70,73,13
50,60,40,250,35,160,25,1,46.79,74,78,12
50,60,40,250,35,160,25,1,48.56,70,70,12
50,60,40,250,35,160,25,1,47.48,70,78,13
50,60,40,250,35,160,25,1,53.15,68,70,12
50,60,40,250,35,160,25,1,49.9,70,69,13
50,60,40,250,35,160,25,1,52.87,74,76,13
50,60,40,250,35,160,25,1,46.44,70,71,13
50,60,40,250,35,160,25,1,46.3,70,72,13
50,60,40,250,35,160,25,1,46.39,68,70,13
50,60,40,250,35,160,25,1,42.43,72,74,14
50,60,40,250,35,160,25,0,44.96,72,76,13
50,60,40,250,35,160,25,0,47.17,72,75,12
50,60,40,250,35,160,25,0,49.22,72,76,13
50,60,40,250,35,160,25,0,46.56,69,75,13
50,60,40,250,35,160,25,0,49.18,70,74,13
50,60,40,250,35,160,25,0,46.8,72,78,14
50,60,40,250,35,160,25,0,46.74,72,76,13
50,60,40,250,35,160,25,0,51.17,70,73,13
50,60,40,250,35,160,25,0,50.28,75,76,14
50,60,40,250,35,160,25,0,44.14,72,73,13
40,45,40,250,35,160,5,1,47.98,68,69,13
40,45,40,250,35,160,5,1,51.2,68,69,13
40,45,40,250,35,160,5,1,52.02,70,69,14
40,45,40,250,35,160,5,1,49.75,68,68,13
40,45,40,250,35,160,5,1,50.23,68,68,13
40,45,40,250,35,160,5,1,47.74,70,69,13
40,45,40,250,35,160,5,1,50.29,70,69,13
40,45,40,250,35,160,5,1,54.35,70,70,13
40,45,40,250,35,160,5,1,50.97,70,71,13
40,45,40,250,35,160,5,1,48.37,68,68,13
40,45,40,250,35,160,5,0,45.54,70,69,13
40,45,40,250,35,160,5,0,48.84,72,69,14
40,45,40,250,35,160,5,0,51.72,70,70,14
40,45,40,250,35,160,5,0,49.92,68,69,14
40,45,40,250,35,160,5,0,48.64,68,68,13
40,45,40,250,35,160,5,0,49.74,70,69,13
40,45,40,250,35,160,5,0,47.58,70,69,13
40,45,40,250,35,160,5,0,49.92,72,69,13
40,45,40,250,35,160,5,0,48.73,68,70,13
40,45,40,250,35,160,5,0,46.58,68,70,13
40,45,40,250,35,160,15,1,50.79,70,69,14
40,45,40,250,35,160,15,1,49.1,68,69,14
40,45,40,250,35,160,15,1,58.29,70,68,13
40,45,40,250,35,160,15,1,48.48,68,68,13
40,45,40,250,35,160,15,1,50.09,70,71,13
40,45,40,250,35,160,15,1,49.94,70,69,14
40,45,40,250,35,160,15,1,51.05,70,69,14
40,45,40,250,35,160,15,1,48.51,70,69,14
40,45,40,250,35,160,15,1,51.13,68,70,14
40,45,40,250,35,160,15,1,47.8,68,68,14
40,45,40,250,35,160,15,0,49.25,70,69,14
40,45,40,250,35,160,15,0,51.73,70,69,14
40,45,40,250,35,160,15,0,52.37,68,70,13
40,45,40,250,35,160,15,0,49.05,70,69,14
40,45,40,250,35,160,15,0,49.54,70,71,14
40,45,40,250,35,160,15,0,49.08,72,69,14
40,45,40,250,35,160,15,0,49.91,69,70,14
40,45,40,250,35,160,15,0,50.71,68,69,14
40,45,40,250,35,160,15,0,51.43,70,70,14
40,45,40,250,35,160,15,0,46.63,68,68,14
40,45,40,250,35,160,25,1,49.32,70,69,14
40,45,40,250,35,160,25,1,53.28,68,68,14
40,45,40,250,35,160,25,1,49.65,70,70,14
40,45,40,250,35,160,25,1,51.04,68,68,14
40,45,40,250,35,160,25,1,54.33,70,70,14
40,45,40,250,35,160,25,1,49.26,70,69,14
40,45,40,250,35,160,25,1,49.3,68,70,13
40,45,40,250,35,160,25,1,51.69,68,68,13
40,45,40,250,35,160,25,1,47.38,70,69,13
40,45,40,250,35,160,25,1,43.11,68,69,14
40,45,40,250,35,160,25,0,46.79,70,70,13
40,45,40,250,35,160,25,0,51.13,70,70,13
40,45,40,250,35,160,25,0,50.89,70,70,14
40,45,40,250,35,160,25,0,47.98,68,69,14
40,45,40,250,35,160,25,0,46.41,70,69,13
40,45,40,250,35,160,25,0,48.72,70,70,13
40,45,40,250,35,160,25,0,47.86,70,70,13
40,45,40,250,35,160,25,0,47.57,70,68,13
40,45,40,250,35,160,25,0,51.68,68,70,13
40,45,40,250,35,160,25,0,47.84,70,69,14
40,60,40,250,35,160,5,1,47.61,70,73,13
40,60,40,250,35,160,5,1,50.06,68,69,13
40,60,40,250,35,160,5,1,49.73,68,71,12
40,60,40,250,35,160,5,1,47.85,69,69,13
40,60,40,250,35,160,5,1,48.08,70,70,13
40,60,40,250,35,160,5,1,46.16,72,78,14
40,60,40,250,35,160,5,1,46.63,70,69,13
40,60,40,250,35,160,5,1,50.72,70,74,14
40,60,40,250,35,160,5,1,47.83,70,70,14
40,60,40,250,35,160,5,1,41.97,70,74,13
40,60,40,250,35,160,5,0,45.56,72,76,13
40,60,40,250,35,160,5,0,49.18,68,71,13
40,60,40,250,35,160,5,0,52.57,72,71,12
40,60,40,250,35,160,5,0,49.64,72,72,13
40,60,40,250,35,160,5,0,45.93,74,75,13
40,60,40,250,35,160,5,0,50.52,72,78,14
40,60,40,250,35,160,5,0,46.67,72,74,12
40,60,40,250,35,160,5,0,49.13,70,74,14
40,60,40,250,35,160,5,0,49.35,68,70,14
40,60,40,250,35,160,5,0,43.57,70,76,13
40,60,40,250,35,160,15,1,44.45,70,71,13
40,60,40,250,35,160,15,1,47.46,70,76,13
40,60,40,250,35,160,15,1,45.18,72,69,14
40,60,40,250,35,160,15,1,48.9,70,71,14
40,60,40,250,35,160,15,1,48.05,72,77,14
40,60,40,250,35,160,15,1,42.62,72,72,14
40,60,40,250,35,160,15,1,50.38,70,75,13
40,60,40,250,35,160,15,1,47.82,72,75,13
40,60,40,250,35,160,15,1,49.33,68,69,13
40,60,40,250,35,160,15,1,48.49,72,74,13
40,60,40,250,35,160,15,0,42.05,68,71,13
40,60,40,250,35,160,15,0,49.18,70,75,14
40,60,40,250,35,160,15,0,45.66,70,70,14
40,60,40,250,35,160,15,0,49.92,70,71,14
40,60,40,250,35,160,15,0,50.7,70,75,14
40,60,40,250,35,160,15,0,48.27,70,75,14
40,60,40,250,35,160,15,0,48.41,70,74,13
40,60,40,250,35,160,15,0,51.5,72,76,13
40,60,40,250,35,160,15,0,50.07,70,71,13
40,60,40,250,35,160,15,0,49.1,72,75,13
40,60,40,250,35,160,25,1,46.52,70,73,13
40,60,40,250,35,160,25,1,51.19,70,72,13
40,60,40,250,35,160,25,1,51.63,70,68,12
40,60,40,250,35,160,25,1,48.83,70,70,13
40,60,40,250,35,160,25,1,49.54,72,78,14
40,60,40,250,35,160,25,1,41.29,70,69,13
40,60,40,250,35,160,25,1,49.84,68,72,14
40,60,40,250,35,160,25,1,45,68,72,13
40,60,40,250,35,160,25,1,47.96,72,73,14
40,60,40,250,35,160,25,1,45.6,70,74,13
40,60,40,250,35,160,25,0,46.62,70,72,13
40,60,40,250,35,160,25,0,51.85,70,73,13
40,60,40,250,35,160,25,0,52.74,71,72,12
40,60,40,250,35,160,25,0,47.65,74,76,13
40,60,40,250,35,160,25,0,46.92,73,77,14
40,60,40,250,35,160,25,0,43.79,74,74,13
40,60,40,250,35,160,25,0,46.56,70,73,14
40,60,40,250,35,160,25,0,41.37,72,77,13
40,60,40,250,35,160,25,0,49.63,70,76,14
40,60,40,250,35,160,25,0,42.67,72,76,13
40,75,40,250,35,160,5,1,46.03,74,77,13
40,75,40,250,35,160,5,1,48.23,78,101,11
40,75,40,250,35,160,5,1,38.67,78,82,13
40,75,40,250,35,160,5,1,44.43,78,101,13
40,75,40,250,35,160,5,1,46.72,76,87,12
40,75,40,250,35,160,5,1,46.98,80,100,11
40,75,40,250,35,160,5,1,48.39,76,95,10
40,75,40,250,35,160,5,1,47.87,76,89,13
40,75,40,250,35,160,5,1,52.03,74,89,12
40,75,40,250,35,160,5,1,50.7,70,74,11
40,75,40,250,35,160,5,0,47.73,76,82,12
40,75,40,250,35,160,5,0,48.52,78,90,11
40,75,40,250,35,160,5,0,40.07,76,87,13
40,75,40,250,35,160,5,0,42.36,76,90,13
40,75,40,250,35,160,5,0,41.17,78,89,12
40,75,40,250,35,160,5,0,45.68,76,91,11
40,75,40,250,35,160,5,0,49.48,78,90,10
40,75,40,250,35,160,5,0,49.99,74,87,13
40,75,40,250,35,160,5,0,51.63,76,94,12
40,75,40,250,35,160,5,0,36.59,76,84,11
40,75,40,250,35,160,15,1,44.09,76,95,12
40,75,40,250,35,160,15,1,42.26,76,82,13
40,75,40,250,35,160,15,1,49.75,76,94,12
40,75,40,250,35,160,15,1,48.67,72,82,12
40,75,40,250,35,160,15,1,45.64,80,100,11
40,75,40,250,35,160,15,1,49.27,78,96,12
40,75,40,250,35,160,15,1,45.4,74,87,10
40,75,40,250,35,160,15,1,50.03,76,84,13
40,75,40,250,35,160,15,1,45.06,78,95,13
40,75,40,250,35,160,15,1,46.63,74,89,13
40,75,40,250,35,160,15,0,40.04,74,90,12
40,75,40,250,35,160,15,0,52.07,76,84,12
40,75,40,250,35,160,15,0,49.08,76,89,12
40,75,40,250,35,160,15,0,50.36,76,82,12
40,75,40,250,35,160,15,0,43.89,78,88,11
40,75,40,250,35,160,15,0,41.82,76,87,12
40,75,40,250,35,160,15,0,53.05,76,88,11
40,75,40,250,35,160,15,0,45.16,74,81,12
40,75,40,250,35,160,15,0,42.64,74,80,13
40,75,40,250,35,160,15,0,37.17,76,83,13
40,75,40,250,35,160,25,1,46.65,78,100,11
40,75,40,250,35,160,25,1,47.13,72,77,14
40,75,40,250,35,160,25,1,43.15,76,89,12
40,75,40,250,35,160,25,1,39.86,76,86,13
40,75,40,250,35,160,25,1,49.26,70,75,13
40,75,40,250,35,160,25,1,42.76,72,77,12
40,75,40,250,35,160,25,1,48.52,74,94,12
40,75,40,250,35,160,25,1,42.64,76,90,12
40,75,40,250,35,160,25,1,54.38,76,92,12
40,75,40,250,35,160,25,1,54.59,74,78,14
40,75,40,250,35,160,25,0,48.66,78,96,11
40,75,40,250,35,160,25,0,46.38,78,88,11
40,75,40,250,35,160,25,0,39.05,78,80,12
40,75,40,250,35,160,25,0,49.33,78,83,13
40,75,40,250,35,160,25,0,36.92,76,85,12
40,75,40,250,35,160,25,0,41.54,76,88,13
40,75,40,250,35,160,25,0,47.94,76,84,12
40,75,40,250,35,160,25,0,51.04,78,91,11
40,75,40,250,35,160,25,0,46.19,70,83,12
40,75,40,250,35,160,25,0,42.01,76,85,14
40,60,30,250,35,160,5,1,44.17,72,73,12
40,60,30,250,35,160,5,1,47.2,72,74,11
40,60,30,250,35,160,5,1,52.42,73,74,12
40,60,30,250,35,160,5,1,50.36,70,71,12
40,60,30,250,35,160,5,1,48.76,73,74,15
40,60,30,250,35,160,5,1,43.88,72,74,14
40,60,30,250,35,160,5,1,51.58,74,72,12
40,60,30,250,35,160,5,1,46.79,72,72,14
40,60,30,250,35,160,5,1,52.48,74,76,9
40,60,30,250,35,160,5,1,46.75,72,72,14
40,60,30,250,35,160,5,0,47.06,74,75,13
40,60,30,250,35,160,5,0,44.68,74,70,15
40,60,30,250,35,160,5,0,52.58,72,72,11
40,60,30,250,35,160,5,0,52.53,75,77,11
40,60,30,250,35,160,5,0,50.09,75,76,12
40,60,30,250,35,160,5,0,46.77,72,76,11
40,60,30,250,35,160,5,0,48.75,74,76,9
40,60,30,250,35,160,5,0,47.37,74,72,11
40,60,30,250,35,160,5,0,51.96,74,73,15
40,60,30,250,35,160,5,0,47.64,74,76,10
40,60,30,250,35,160,15,1,48.25,73,77,14
40,60,30,250,35,160,15,1,49.65,72,73,13
40,60,30,250,35,160,15,1,51.88,75,73,10
40,60,30,250,35,160,15,1,50.29,72,72,10
40,60,30,250,35,160,15,1,51.06,74,74,13
40,60,30,250,35,160,15,1,50.71,72,77,13
40,60,30,250,35,160,15,1,49.76,73,72,12
40,60,30,250,35,160,15,1,50.58,72,74,13
40,60,30,250,35,160,15,1,51.88,72,75,11
40,60,30,250,35,160,15,1,48.47,72,72,13
40,60,30,250,35,160,15,0,45.54,72,74,10
40,60,30,250,35,160,15,0,49.55,73,73,12
40,60,30,250,35,160,15,0,50.26,74,73,11
40,60,30,250,35,160,15,0,52.09,72,73,9
40,60,30,250,35,160,15,0,51.07,74,75,14
40,60,30,250,35,160,15,0,51.05,72,75,11
40,60,30,250,35,160,15,0,50.17,74,73,12
40,60,30,250,35,160,15,0,52.85,74,74,10
40,60,30,250,35,160,15,0,51.35,74,77,9
40,60,30,250,35,160,15,0,48.91,72,73,12
40,60,30,250,35,160,25,1,46.76,73,78,13
40,60,30,250,35,160,25,1,52.62,75,74,13
40,60,30,250,35,160,25,1,53.58,74,74,11
40,60,30,250,35,160,25,1,50.13,71,72,12
40,60,30,250,35,160,25,1,51.95,74,74,15
40,60,30,250,35,160,25,1,48.83,74,75,16
40,60,30,250,35,160,25,1,48.67,73,74,15
40,60,30,250,35,160,25,1,46.83,71,76,9
40,60,30,250,35,160,25,1,51.14,74,75,13
40,60,30,250,35,160,25,1,48.45,72,71,13
40,60,30,250,35,160,25,0,48,75,76,13
40,60,30,250,35,160,25,0,49.76,76,79,10
40,60,30,250,35,160,25,0,51.52,73,73,11
40,60,30,250,35,160,25,0,50.83,73,75,14
40,60,30,250,35,160,25,0,51.5,74,77,12
40,60,30,250,35,160,25,0,46.88,75,76,10
40,60,30,250,35,160,25,0,48.66,74,77,12
40,60,30,250,35,160,25,0,49.29,74,75,9
40,60,30,250,35,160,25,0,49.56,74,76,12
40,60,30,250,35,160,25,0,49.66,72,74,12
40,60,40,250,35,160,5,1,48.15,74,76,15
40,60,40,250,35,160,5,1,47.6,71,75,12
40,60,40,250,35,160,5,1,52.64,73,77,12
40,60,40,250,35,160,5,1,48.9,72,73,13
40,60,40,250,35,160,5,1,51.26,73,76,11
40,60,40,250,35,160,5,1,49.15,73,77,12
40,60,40,250,35,160,5,1,51.75,75,77,10
40,60,40,250,35,160,5,1,49.85,73,76,15
40,60,40,250,35,160,5,1,50.56,74,76,14
40,60,40,250,35,160,5,1,45.98,71,75,13
40,60,40,250,35,160,5,0,46.84,74,77,13
40,60,40,250,35,160,5,0,51.11,74,78,10
40,60,40,250,35,160,5,0,51.47,74,77,10
40,60,40,250,35,160,5,0,52.21,74,75,13
40,60,40,250,35,160,5,0,54.62,75,80,13
40,60,40,250,35,160,5,0,48.52,73,80,14
40,60,40,250,35,160,5,0,52.47,76,80,7
40,60,40,250,35,160,5,0,49.05,72,76,11
40,60,40,250,35,160,5,0,52.04,76,78,12
40,60,40,250,35,160,5,0,49.54,74,76,16
40,60,40,250,35,160,15,1,46.76,74,75,13
40,60,40,250,35,160,15,1,51.26,72,76,17
40,60,40,250,35,160,15,1,51.77,74,74,12
40,60,40,250,35,160,15,1,48.97,74,74,14
40,60,40,250,35,160,15,1,49.68,75,77,11
40,60,40,250,35,160,15,1,48.41,78,75,15
40,60,40,250,35,160,15,1,49.5,74,75,16
40,60,40,250,35,160,15,1,48.05,73,74,14
40,60,40,250,35,160,15,1,47.11,74,76,13
40,60,40,250,35,160,15,1,49.36,73,74,13
40,60,40,250,35,160,15,0,48.89,74,78,10
40,60,40,250,35,160,15,0,47.97,72,74,10
40,60,40,250,35,160,15,0,51.5,74,77,10
40,60,40,250,35,160,15,0,50.99,74,76,11
40,60,40,250,35,160,15,0,49.75,74,79,11
40,60,40,250,35,160,15,0,51.95,75,80,12
40,60,40,250,35,160,15,0,49.95,74,74,14
40,60,40,250,35,160,15,0,48.91,73,75,13
40,60,40,250,35,160,15,0,54.43,75,77,11
40,60,40,250,35,160,15,0,51.56,73,74,14
40,60,40,250,35,160,25,1,47.02,76,81,10
40,60,40,250,35,160,25,1,52.94,72,73,11
40,60,40,250,35,160,25,1,50.96,75,81,10
40,60,40,250,35,160,25,1,48.25,71,73,16
40,60,40,250,35,160,25,1,51.88,75,79,13
40,60,40,250,35,160,25,1,47.97,75,77,14
40,60,40,250,35,160,25,1,51.43,72,75,14
40,60,40,250,35,160,25,1,52.36,74,74,14
40,60,40,250,35,160,25,1,49.45,72,75,12
40,60,40,250,35,160,25,1,48.95,72,78,13
40,60,40,250,35,160,25,0,47.84,82,79,13
40,60,40,250,35,160,25,0,52.43,72,74,10
40,60,40,250,35,160,25,0,53.06,75,81,10
40,60,40,250,35,160,25,0,50.08,74,75,12
40,60,40,250,35,160,25,0,54.55,77,81,10
40,60,40,250,35,160,25,0,50.65,74,79,9
40,60,40,250,35,160,25,0,51.05,78,81,10
40,60,40,250,35,160,25,0,51.36,72,77,11
40,60,40,250,35,160,25,0,49.08,75,80,12
40,60,40,250,35,160,25,0,48.07,72,76,11
40,60,50,250,35,160,5,1,41.497,77,81,14
40,60,50,250,35,160,5,1,48.803,74,74,16
40,60,50,250,35,160,5,1,47.858,75,76,11
40,60,50,250,35,160,5,1,45.647,75,75,11
40,60,50,250,35,160,5,1,47.882,75,78,12
40,60,50,250,35,160,5,1,49.527,78,83,11
40,60,50,250,35,160,5,1,44.035,77,84,12
40,60,50,250,35,160,5,1,50.376,77,78,14
40,60,50,250,35,160,5,1,46.284,75,80,14
40,60,50,250,35,160,5,1,47.765,75,77,11
40,60,50,250,35,160,5,0,41.235,78,82,13
40,60,50,250,35,160,5,0,48.928,75,78,10
40,60,50,250,35,160,5,0,46.158,78,82,9
40,60,50,250,35,160,5,0,40.094,78,79,11
40,60,50,250,35,160,5,0,49.895,77,79,12
40,60,50,250,35,160,5,0,43.331,78,83,11
40,60,50,250,35,160,5,0,47.041,78,81,10
40,60,50,250,35,160,5,0,47.133,75,80,10
40,60,50,250,35,160,5,0,49.23,77,81,13
40,60,50,250,35,160,5,0,45.9,71,78,15
40,60,50,250,35,160,15,1,44.19,77,83,13
40,60,50,250,35,160,15,1,43.262,74,79,12
40,60,50,250,35,160,15,1,50.336,74,77,10
40,60,50,250,35,160,15,1,47.975,74,79,11
40,60,50,250,35,160,15,1,42.773,77,84,10
40,60,50,250,35,160,15,1,47.77,77,77,17
40,60,50,250,35,160,15,1,46.51,77,79,10
40,60,50,250,35,160,15,1,49.953,75,76,12
40,60,50,250,35,160,15,1,47.382,77,81,12
40,60,50,250,35,160,15,1,47.645,74,74,13
40,60,50,250,35,160,15,0,46.056,75,82,10
40,60,50,250,35,160,15,0,44.305,74,78,12
40,60,50,250,35,160,15,0,50.942,75,82,12
40,60,50,250,35,160,15,0,45.288,78,79,11
40,60,50,250,35,160,15,0,46.56,75,84,10
40,60,50,250,35,160,15,0,44.996,75,79,12
40,60,50,250,35,160,15,0,46.757,75,80,13
40,60,50,250,35,160,15,0,50.538,71,76,11
40,60,50,250,35,160,15,0,49.513,75,83,11
40,60,50,250,35,160,15,0,49.575,74,75,10
40,60,50,250,35,160,25,1,44.773,76,83,14
40,60,50,250,35,160,25,1,48.523,75,72,14
40,60,50,250,35,160,25,1,51.05,75,80,11
40,60,50,250,35,160,25,1,45.741,74,73,15
40,60,50,250,35,160,25,1,44.643,74,78,12
40,60,50,250,35,160,25,1,43.656,74,78,12
40,60,50,250,35,160,25,1,46.03,75,79,12
40,60,50,250,35,160,25,1,48.369,74,76,12
40,60,50,250,35,160,25,1,50.858,75,77,13
40,60,50,250,35,160,25,1,44.899,71,72,13
40,60,50,250,35,160,25,0,42.644,75,83,11
40,60,50,250,35,160,25,0,45.753,74,77,10
40,60,50,250,35,160,25,0,49.82,77,84,10
40,60,50,250,35,160,25,0,47.508,77,77,13
40,60,50,250,35,160,25,0,48.059,75,80,11
40,60,50,250,35,160,25,0,45.536,77,77,9
40,60,50,250,35,160,25,0,44.923,75,83,12
40,60,50,250,35,160,25,0,47.016,75,80,12
40,60,50,250,35,160,25,0,44.821,75,83,12
40,60,50,250,35,160,25,0,45.342,74,74,12
40,60,40,200,35,160,5,1,39.784,71,78,13
40,60,40,200,35,160,5,1,44.259,71,72,11
40,60,40,200,35,160,5,1,44.477,73,79,11
40,60,40,200,35,160,5,1,44.129,71,73,12
40,60,40,200,35,160,5,1,44.81,73,75,14
40,60,40,200,35,160,5,1,45.326,74,74,12
40,60,40,200,35,160,5,1,46.428,74,76,14
40,60,40,200,35,160,5,1,48.434,71,73,13
40,60,40,200,35,160,5,1,47.836,74,74,13
40,60,40,200,35,160,5,1,45.444,71,72,13
40,60,40,200,35,160,5,0,41.744,74,81,13
40,60,40,200,35,160,5,0,41.168,73,74,10
40,60,40,200,35,160,5,0,47.253,73,78,10
40,60,40,200,35,160,5,0,43.859,74,75,13
40,60,40,200,35,160,5,0,43.824,75,77,12
40,60,40,200,35,160,5,0,47.12,73,76,11
40,60,40,200,35,160,5,0,47.03,77,78,13
40,60,40,200,35,160,5,0,47.761,71,73,13
40,60,40,200,35,160,5,0,47.912,75,77,11
40,60,40,200,35,160,5,0,44.532,71,74,10
40,60,40,200,35,160,15,1,44.009,75,78,12
40,60,40,200,35,160,15,1,41.565,73,73,10
40,60,40,200,35,160,15,1,44.27,74,72,13
40,60,40,200,35,160,15,1,43.273,71,75,12
40,60,40,200,35,160,15,1,44.814,71,73,13
40,60,40,200,35,160,15,1,44.941,71,72,17
40,60,40,200,35,160,15,1,45.674,75,77,14
40,60,40,200,35,160,15,1,38.897,71,75,15
40,60,40,200,35,160,15,1,45.172,74,76,13
40,60,40,200,35,160,15,1,44.333,71,72,14
40,60,40,200,35,160,15,0,44.278,77,80,14
40,60,40,200,35,160,15,0,47.389,73,74,11
40,60,40,200,35,160,15,0,49.847,71,75,10
40,60,40,200,35,160,15,0,45.864,74,72,14
40,60,40,200,35,160,15,0,44.884,71,76,14
40,60,40,200,35,160,15,0,44.566,71,73,14
40,60,40,200,35,160,15,0,46.985,74,77,13
40,60,40,200,35,160,15,0,39.517,74,74,13
40,60,40,200,35,160,15,0,46.911,74,78,13
40,60,40,200,35,160,15,0,44.599,71,71,13
40,60,40,200,35,160,25,1,41.794,74,80,13
40,60,40,200,35,160,25,1,44.318,73,73,14
40,60,40,200,35,160,25,1,46.042,74,74,13
40,60,40,200,35,160,25,1,43.07,71,72,13
40,60,40,200,35,160,25,1,41.962,71,76,13
40,60,40,200,35,160,25,1,38.649,71,76,14
40,60,40,200,35,160,25,1,44.868,74,74,13
40,60,40,200,35,160,25,1,46.927,71,73,13
40,60,40,200,35,160,25,1,45.752,74,78,14
40,60,40,200,35,160,25,1,44.522,73,75,13
40,60,40,200,35,160,25,0,42.99,74,81,13
40,60,40,200,35,160,25,0,47.061,73,74,13
40,60,40,200,35,160,25,0,43.46,74,75,12
40,60,40,200,35,160,25,0,40.439,71,73,13
40,60,40,200,35,160,25,0,38.112,75,77,13
40,60,40,200,35,160,25,0,44.666,71,77,13
40,60,40,200,35,160,25,0,42.665,75,79,12
40,60,40,200,35,160,25,0,42.989,71,75,13
40,60,40,200,35,160,25,0,44.598,71,81,12
40,60,40,200,35,160,25,0,49.692,75,75,13
40,60,40,250,35,160,5,1,48.16,74,78,15
40,60,40,250,35,160,5,1,50.49,71,73,14
40,60,40,250,35,160,5,1,49.05,71,78,13
40,60,40,250,35,160,5,1,47.74,73,73,14
40,60,40,250,35,160,5,1,47.35,74,80,14
40,60,40,250,35,160,5,1,44.21,74,80,13
40,60,40,250,35,160,5,1,41.68,74,77,13
40,60,40,250,35,160,5,1,52.66,74,73,13
40,60,40,250,35,160,5,1,51.1,74,74,15
40,60,40,250,35,160,5,1,52.1,74,77,13
40,60,40,250,35,160,5,0,44.31,73,78,11
40,60,40,250,35,160,5,0,46.26,75,76,13
40,60,40,250,35,160,5,0,53.03,75,78,15
40,60,40,250,35,160,5,0,49.33,73,75,13
40,60,40,250,35,160,5,0,47.64,75,81,13
40,60,40,250,35,160,5,0,45.75,74,79,13
40,60,40,250,35,160,5,0,49.96,75,80,13
40,60,40,250,35,160,5,0,46.26,74,75,13
40,60,40,250,35,160,5,0,54.47,74,78,14
40,60,40,250,35,160,5,0,51.72,74,76,14
40,60,40,250,35,160,15,1,46.96,74,76,14
40,60,40,250,35,160,15,1,50.85,74,75,13
40,60,40,250,35,160,15,1,49.82,71,77,13
40,60,40,250,35,160,15,1,45.28,74,77,14
40,60,40,250,35,160,15,1,50.25,71,78,14
40,60,40,250,35,160,15,1,49.47,74,76,13
40,60,40,250,35,160,15,1,45.39,74,75,13
40,60,40,250,35,160,15,1,49.04,74,78,13
40,60,40,250,35,160,15,1,51.57,71,77,15
40,60,40,250,35,160,15,1,48.42,73,77,14
40,60,40,250,35,160,15,0,49.42,74,79,15
40,60,40,250,35,160,15,0,43.51,74,76,13
40,60,40,250,35,160,15,0,51.92,75,77,13
40,60,40,250,35,160,15,0,48.65,74,73,14
40,60,40,250,35,160,15,0,49.62,74,77,13
40,60,40,250,35,160,15,0,49.99,74,74,13
40,60,40,250,35,160,15,0,48.2,74,77,14
40,60,40,250,35,160,15,0,50.49,71,77,13
40,60,40,250,35,160,15,0,53.56,71,73,14
40,60,40,250,35,160,15,0,51.57,74,75,13
40,60,40,250,35,160,25,1,47.64,74,80,14
40,60,40,250,35,160,25,1,52.08,71,72,15
40,60,40,250,35,160,25,1,48.71,72,74,14
40,60,40,250,35,160,25,1,46.26,72,72,13
40,60,40,250,35,160,25,1,49.36,74,76,13
40,60,40,250,35,160,25,1,45.89,77,76,14
40,60,40,250,35,160,25,1,43.46,71,74,14
40,60,40,250,35,160,25,1,46.99,71,73,13
40,60,40,250,35,160,25,1,47.21,75,75,13
40,60,40,250,35,160,25,1,48.56,71,76,14
40,60,40,250,35,160,25,0,46.48,75,80,13
40,60,40,250,35,160,25,0,52.89,71,73,14
40,60,40,250,35,160,25,0,52.07,75,76,13
40,60,40,250,35,160,25,0,45.66,74,76,13
40,60,40,250,35,160,25,0,50.7,75,80,13
40,60,40,250,35,160,25,0,45.76,75,78,13
40,60,40,250,35,160,25,0,50.67,78,79,14
40,60,40,250,35,160,25,0,46.04,71,76,14
40,60,40,250,35,160,25,0,51.15,71,76,13
40,60,40,250,35,160,25,0,49.6,74,76,14
40,60,40,300,35,160,5,1,48.57,71,77,14
40,60,40,300,35,160,5,1,47.95,74,74,13
40,60,40,300,35,160,5,1,49.5,74,74,14
40,60,40,300,35,160,5,1,47.22,71,73,13
40,60,40,300,35,160,5,1,46.95,75,75,14
40,60,40,300,35,160,5,1,50.49,74,78,14
40,60,40,300,35,160,5,1,46.83,72,73,13
40,60,40,300,35,160,5,1,49.97,74,75,13
40,60,40,300,35,160,5,1,54.28,75,77,13
40,60,40,300,35,160,5,1,50.29,75,78,16
40,60,40,300,35,160,5,0,53.61,78,79,13
40,60,40,300,35,160,5,0,45.88,75,80,13
40,60,40,300,35,160,5,0,51.78,71,77,15
40,60,40,300,35,160,5,0,50.27,75,74,13
40,60,40,300,35,160,5,0,47.46,74,79,14
40,60,40,300,35,160,5,0,45.15,75,80,13
40,60,40,300,35,160,5,0,46.01,75,78,13
40,60,40,300,35,160,5,0,45.55,72,78,13
40,60,40,300,35,160,5,0,54.24,72,79,13
40,60,40,300,35,160,5,0,47.77,74,78,13
40,60,40,300,35,160,15,1,47.7,74,78,13
40,60,40,300,35,160,15,1,50.96,72,77,14
40,60,40,300,35,160,15,1,54.25,71,76,14
40,60,40,300,35,160,15,1,51.26,74,75,13
40,60,40,300,35,160,15,1,49.93,74,79,14
40,60,40,300,35,160,15,1,43.8,77,76,13
40,60,40,300,35,160,15,1,49.56,72,76,14
40,60,40,300,35,160,15,1,49.54,71,76,14
40,60,40,300,35,160,15,1,51.7,74,75,14
40,60,40,300,35,160,15,1,51.63,73,74,13
40,60,40,300,35,160,15,0,49.75,74,77,13
40,60,40,300,35,160,15,0,52.66,74,78,15
40,60,40,300,35,160,15,0,54.66,74,78,14
40,60,40,300,35,160,15,0,52.28,73,75,13
40,60,40,300,35,160,15,0,47.41,74,78,13
40,60,40,300,35,160,15,0,48.71,75,77,13
40,60,40,300,35,160,15,0,52.34,74,78,15
40,60,40,300,35,160,15,0,52.44,72,74,13
40,60,40,300,35,160,15,0,47.94,72,77,14
40,60,40,300,35,160,15,0,50.32,74,73,13
40,60,40,300,35,160,25,1,46.12,74,79,15
40,60,40,300,35,160,25,1,49.84,73,78,13
40,60,40,300,35,160,25,1,44.64,73,76,13
40,60,40,300,35,160,25,1,47.05,74,74,15
40,60,40,300,35,160,25,1,49.42,75,80,13
40,60,40,300,35,160,25,1,48.01,74,76,15
40,60,40,300,35,160,25,1,48.92,74,73,14
40,60,40,300,35,160,25,1,51.61,74,76,16
40,60,40,300,35,160,25,1,55.26,73,74,16
40,60,40,300,35,160,25,1,48.97,72,75,13
40,60,40,300,35,160,25,0,44.72,75,81,13
40,60,40,300,35,160,25,0,48.94,72,75,13
40,60,40,300,35,160,25,0,49.35,72,80,12
40,60,40,300,35,160,25,0,44.75,75,79,13
40,60,40,300,35,160,25,0,44.84,75,80,13
40,60,40,300,35,160,25,0,48.52,75,78,13
40,60,40,300,35,160,25,0,52.36,75,80,15
40,60,40,300,35,160,25,0,48.54,75,72,17
40,60,40,300,35,160,25,0,55.96,71,75,13
40,60,40,300,35,160,25,0,54.47,74,77,15
40,60,40,250,25,160,5,1,37.543,72,75,10
40,60,40,250,25,160,5,1,40.831,69,71,10
40,60,40,250,25,160,5,1,40.145,70,74,11
40,60,40,250,25,160,5,1,39.598,70,72,10
40,60,40,250,25,160,5,1,34.744,70,77,10
40,60,40,250,25,160,5,1,41.893,70,78,10
40,60,40,250,25,160,5,1,40.053,72,74,10
40,60,40,250,25,160,5,1,35.287,70,72,9
40,60,40,250,25,160,5,1,37.881,70,73,9
40,60,40,250,25,160,5,1,38.985,70,73,9
40,60,40,250,25,160,5,0,33.57,74,75,10
40,60,40,250,25,160,5,0,35.796,70,72,9
40,60,40,250,25,160,5,0,38.268,72,77,10
40,60,40,250,25,160,5,0,33.757,72,74,11
40,60,40,250,25,160,5,0,32.277,72,76,10
40,60,40,250,25,160,5,0,36.623,72,75,9
40,60,40,250,25,160,5,0,43.146,76,77,9
40,60,40,250,25,160,5,0,35.926,70,75,9
40,60,40,250,25,160,5,0,42.232,70,77,9
40,60,40,250,25,160,5,0,33.798,70,72,10
40,60,40,250,25,160,15,1,40.922,70,74,10
40,60,40,250,25,160,15,1,38.342,70,71,9
40,60,40,250,25,160,15,1,40.623,72,77,10
40,60,40,250,25,160,15,1,40.863,70,75,9
40,60,40,250,25,160,15,1,41.827,70,77,10
40,60,40,250,25,160,15,1,34.042,70,77,10
40,60,40,250,25,160,15,1,40.035,70,78,9
40,60,40,250,25,160,15,1,33.496,70,74,10
40,60,40,250,25,160,15,1,40.236,70,75,10
40,60,40,250,25,160,15,1,35.639,72,74,10
40,60,40,250,25,160,15,0,39.238,70,76,10
40,60,40,250,25,160,15,0,36.514,69,72,10
40,60,40,250,25,160,15,0,39.708,72,78,10
40,60,40,250,25,160,15,0,39.01,70,73,10
40,60,40,250,25,160,15,0,35.802,72,77,10
40,60,40,250,25,160,15,0,35.124,70,76,9
40,60,40,250,25,160,15,0,42.169,70,76,9
40,60,40,250,25,160,15,0,36.553,72,73,10
40,60,40,250,25,160,15,0,36.106,70,76,9
40,60,40,250,25,160,15,0,37.598,70,74,9
40,60,40,250,25,160,25,1,33.761,71,79,10
40,60,40,250,25,160,25,1,43.966,70,71,9
40,60,40,250,25,160,25,1,40.773,68,71,10
40,60,40,250,25,160,25,1,40.399,70,71,9
40,60,40,250,25,160,25,1,34.088,70,76,10
40,60,40,250,25,160,25,1,34.107,70,76,10
40,60,40,250,25,160,25,1,37.502,70,71,10
40,60,40,250,25,160,25,1,38.851,70,72,10
40,60,40,250,25,160,25,1,40.45,70,75,10
40,60,40,250,25,160,25,1,35.734,70,76,10
40,60,40,250,25,160,25,0,35.261,72,80,9
40,60,40,250,25,160,25,0,41.706,70,77,9
40,60,40,250,25,160,25,0,38.731,70,76,9
40,60,40,250,25,160,25,0,37.126,72,74,9
40,60,40,250,25,160,25,0,37.826,70,76,10
40,60,40,250,25,160,25,0,36.127,70,77,10
40,60,40,250,25,160,25,0,37.375,72,75,9
40,60,40,250,25,160,25,0,32.814,72,75,9
40,60,40,250,25,160,25,0,34.86,70,76,10
40,60,40,250,25,160,25,0,35.43,70,75,10
40,60,40,250,35,160,5,1,50.23,70,77,12
40,60,40,250,35,160,5,1,49.74,71,72,13
40,60,40,250,35,160,5,1,53.67,74,76,13
40,60,40,250,35,160,5,1,45.99,74,77,12
40,60,40,250,35,160,5,1,46.79,71,72,13
40,60,40,250,35,160,5,1,47.31,70,76,11
40,60,40,250,35,160,5,1,50.47,72,74,12
40,60,40,250,35,160,5,1,46.52,70,74,12
40,60,40,250,35,160,5,1,47.91,70,72,12
40,60,40,250,35,160,5,1,44.76,71,73,13
40,60,40,250,35,160,5,0,48.17,72,76,12
40,60,40,250,35,160,5,0,49.92,72,75,12
40,60,40,250,35,160,5,0,49.9,72,77,12
40,60,40,250,35,160,5,0,46.43,73,77,13
40,60,40,250,35,160,5,0,44.96,72,73,12
40,60,40,250,35,160,5,0,42.04,74,76,12
40,60,40,250,35,160,5,0,53.51,73,77,11
40,60,40,250,35,160,5,0,44.85,72,76,12
40,60,40,250,35,160,5,0,51.01,70,75,12
40,60,40,250,35,160,5,0,45.1,70,76,11
40,60,40,250,35,160,15,1,48.32,72,73,12
40,60,40,250,35,160,15,1,53.19,72,73,13
40,60,40,250,35,160,15,1,53.81,70,73,13
40,60,40,250,35,160,15,1,49.3,71,72,13
40,60,40,250,35,160,15,1,51.13,72,76,12
40,60,40,250,35,160,15,1,49.95,72,75,13
40,60,40,250,35,160,15,1,52.66,70,75,13
40,60,40,250,35,160,15,1,45.25,72,74,13
40,60,40,250,35,160,15,1,48.06,72,75,13
40,60,40,250,35,160,15,1,44.36,72,73,13
40,60,40,250,35,160,15,0,48.12,72,76,12
40,60,40,250,35,160,15,0,50.63,72,72,12
40,60,40,250,35,160,15,0,51.26,74,75,12
40,60,40,250,35,160,15,0,46.16,70,73,12
40,60,40,250,35,160,15,0,49.63,72,77,13
40,60,40,250,35,160,15,0,50.35,72,75,13
40,60,40,250,35,160,15,0,50.92,73,76,13
40,60,40,250,35,160,15,0,45.77,70,72,14
40,60,40,250,35,160,15,0,47.6,72,77,12
40,60,40,250,35,160,15,0,44.96,72,73,14
40,60,40,250,35,160,25,1,51.75,76,78,12
40,60,40,250,35,160,25,1,52.36,70,72,13
40,60,40,250,35,160,25,1,52.89,70,75,13
40,60,40,250,35,160,25,1,48.06,69,70,13
40,60,40,250,35,160,25,1,50.2,70,75,13
40,60,40,250,35,160,25,1,43.98,73,74,13
40,60,40,250,35,160,25,1,51.28,73,74,13
40,60,40,250,35,160,25,1,49.15,70,72,12
40,60,40,250,35,160,25,1,47.66,72,76,12
40,60,40,250,35,160,25,1,42.75,72,73,13
40,60,40,250,35,160,25,0,52.51,72,78,12
40,60,40,250,35,160,25,0,54.25,72,76,12
40,60,40,250,35,160,25,0,52.06,72,77,12
40,60,40,250,35,160,25,0,49.23,70,74,12
40,60,40,250,35,160,25,0,49.29,72,76,13
40,60,40,250,35,160,25,0,39.59,72,78,13
40,60,40,250,35,160,25,0,49.37,74,78,13
40,60,40,250,35,160,25,0,52.75,72,75,12
40,60,40,250,35,160,25,0,47.7,72,78,13
40,60,40,250,35,160,25,0,42.37,72,74,12
40,60,40,250,45,160,5,1,53.94,70,75,14
40,60,40,250,45,160,5,1,54.24,70,71,15
40,60,40,250,45,160,5,1,53.85,71,72,15
40,60,40,250,45,160,5,1,53.56,70,72,15
40,60,40,250,45,160,5,1,54.43,72,75,14
40,60,40,250,45,160,5,1,50.26,73,74,14
40,60,40,250,45,160,5,1,56.69,72,76,13
40,60,40,250,45,160,5,1,46.91,70,72,14
40,60,40,250,45,160,5,1,51.52,74,76,15
40,60,40,250,45,160,5,1,45.62,69,71,14
40,60,40,250,45,160,5,0,54.56,75,80,14
40,60,40,250,45,160,5,0,58.01,71,72,15
40,60,40,250,45,160,5,0,57.21,70,73,15
40,60,40,250,45,160,5,0,54.23,70,72,14
40,60,40,250,45,160,5,0,53.73,72,78,14
40,60,40,250,45,160,5,0,47.65,70,77,15
40,60,40,250,45,160,5,0,55.16,72,76,13
40,60,40,250,45,160,5,0,49.27,70,75,14
40,60,40,250,45,160,5,0,51.69,74,78,15
40,60,40,250,45,160,5,0,50.37,72,76,13
40,60,40,250,45,160,15,1,56.45,74,76,14
40,60,40,250,45,160,15,1,56.58,70,74,13
40,60,40,250,45,160,15,1,55.99,72,74,14
40,60,40,250,45,160,15,1,53.43,70,75,14
40,60,40,250,45,160,15,1,56.43,70,71,14
40,60,40,250,45,160,15,1,51.64,70,75,14
40,60,40,250,45,160,15,1,56.83,70,74,13
40,60,40,250,45,160,15,1,53.31,70,73,15
40,60,40,250,45,160,15,1,54.78,70,73,15
40,60,40,250,45,160,15,1,52.54,70,71,15
40,60,40,250,45,160,15,0,54.22,70,75,13
40,60,40,250,45,160,15,0,57.67,70,74,13
40,60,40,250,45,160,15,0,62.37,73,76,14
40,60,40,250,45,160,15,0,56.31,72,74,14
40,60,40,250,45,160,15,0,57.06,70,73,13
40,60,40,250,45,160,15,0,53.44,72,74,15
40,60,40,250,45,160,15,0,59.33,70,73,13
40,60,40,250,45,160,15,0,49.55,70,73,15
40,60,40,250,45,160,15,0,53.61,74,78,15
40,60,40,250,45,160,15,0,50.85,70,73,15
40,60,40,250,45,160,25,1,55.43,72,77,13
40,60,40,250,45,160,25,1,57.43,70,72,13
40,60,40,250,45,160,25,1,56.33,70,72,14
40,60,40,250,45,160,25,1,56.8,72,74,14
40,60,40,250,45,160,25,1,55.32,75,79,15
40,60,40,250,45,160,25,1,54.57,70,73,14
40,60,40,250,45,160,25,1,54.08,71,73,15
40,60,40,250,45,160,25,1,54.14,71,72,15
40,60,40,250,45,160,25,1,54.37,72,73,14
40,60,40,250,45,160,25,1,50.71,70,75,14
40,60,40,250,45,160,25,0,55.78,74,80,13
40,60,40,250,45,160,25,0,58.21,70,74,13
40,60,40,250,45,160,25,0,58.53,70,74,13
40,60,40,250,45,160,25,0,53.65,71,76,13
40,60,40,250,45,160,25,0,58.72,74,80,14
40,60,40,250,45,160,25,0,54.59,74,80,14
40,60,40,250,45,160,25,0,59.54,72,75,15
40,60,40,250,45,160,25,0,54.67,70,72,14
40,60,40,250,45,160,25,0,55.19,72,75,14
40,60,40,250,45,160,25,0,48.7,70,76,13
40,60,40,250,35,140,5,1,45.71,72,78,15
40,60,40,250,35,140,5,1,51.91,69,71,13
40,60,40,250,35,140,5,1,51.77,69,70,13
40,60,40,250,35,140,5,1,48.94,69,70,13
40,60,40,250,35,140,5,1,50.19,70,72,14
40,60,40,250,35,140,5,1,48.37,70,73,13
40,60,40,250,35,140,5,1,47.77,70,71,13
40,60,40,250,35,140,5,1,50.5,72,74,13
40,60,40,250,35,140,5,1,43.84,70,74,13
40,60,40,250,35,140,5,1,42.87,69,70,14
40,60,40,250,35,140,5,0,48.11,72,79,14
40,60,40,250,35,140,5,0,51.18,72,73,13
40,60,40,250,35,140,5,0,53.16,69,70,13
40,60,40,250,35,140,5,0,48.36,70,71,13
40,60,40,250,35,140,5,0,51.34,74,78,13
40,60,40,250,35,140,5,0,44.53,70,74,13
40,60,40,250,35,140,5,0,50,69,71,12
40,60,40,250,35,140,5,0,47.82,70,73,13
40,60,40,250,35,140,5,0,45.48,70,76,15
40,60,40,250,35,140,5,0,45.31,70,72,14
40,60,40,250,35,140,15,1,48.52,72,73,15
40,60,40,250,35,140,15,1,53.32,70,72,14
40,60,40,250,35,140,15,1,52.05,72,75,14
40,60,40,250,35,140,15,1,52.99,72,74,13
40,60,40,250,35,140,15,1,48.13,72,74,14
40,60,40,250,35,140,15,1,49.07,70,73,15
40,60,40,250,35,140,15,1,47.7,70,72,13
40,60,40,250,35,140,15,1,51.64,70,71,14
40,60,40,250,35,140,15,1,51.89,72,73,14
40,60,40,250,35,140,15,1,47.56,68,69,15
40,60,40,250,35,140,15,0,50.97,70,71,14
40,60,40,250,35,140,15,0,52.57,70,72,14
40,60,40,250,35,140,15,0,52.9,71,77,14
40,60,40,250,35,140,15,0,50.96,71,73,14
40,60,40,250,35,140,15,0,48.93,71,75,14
40,60,40,250,35,140,15,0,49.44,71,76,14
40,60,40,250,35,140,15,0,46.84,72,75,14
40,60,40,250,35,140,15,0,50.75,70,70,13
40,60,40,250,35,140,15,0,52.25,72,76,14
40,60,40,250,35,140,15,0,48.13,70,71,15
40,60,40,250,35,140,25,1,47.68,70,79,13
40,60,40,250,35,140,25,1,52.99,70,70,14
40,60,40,250,35,140,25,1,51.84,70,73,15
40,60,40,250,35,140,25,1,50.57,70,72,15
40,60,40,250,35,140,25,1,51.51,70,74,15
40,60,40,250,35,140,25,1,47.27,70,74,15
40,60,40,250,35,140,25,1,49.29,70,71,15
40,60,40,250,35,140,25,1,51.54,70,72,14
40,60,40,250,35,140,25,1,49.68,70,74,13
40,60,40,250,35,140,25,1,44.04,69,70,14
40,60,40,250,35,140,25,0,48.46,72,80,13
40,60,40,250,35,140,25,0,50.26,72,73,14
40,60,40,250,35,140,25,0,54.19,70,71,14
40,60,40,250,35,140,25,0,52.32,70,75,15
40,60,40,250,35,140,25,0,50.17,70,75,14
40,60,40,250,35,140,25,0,45.4,70,76,14
40,60,40,250,35,140,25,0,51.98,71,72,15
40,60,40,250,35,140,25,0,45.66,70,71,13
40,60,40,250,35,140,25,0,51.86,70,76,13
40,60,40,250,35,140,25,0,43.2,69,71,13
40,60,40,250,35,160,5,1,46.84,68,72,13
40,60,40,250,35,160,5,1,48.85,70,71,13
40,60,40,250,35,160,5,1,56.32,69,70,14
40,60,40,250,35,160,5,1,45.2,69,70,13
40,60,40,250,35,160,5,1,50.78,71,74,13
40,60,40,250,35,160,5,1,48.24,70,75,12
40,60,40,250,35,160,5,1,51.52,72,75,12
40,60,40,250,35,160,5,1,44.13,70,73,13
40,60,40,250,35,160,5,1,43.73,72,75,12
40,60,40,250,35,160,5,1,44.03,70,73,13
40,60,40,250,35,160,5,0,48.76,71,73,13
40,60,40,250,35,160,5,0,53.77,69,71,13
40,60,40,250,35,160,5,0,52.44,73,79,13
40,60,40,250,35,160,5,0,45.39,71,74,13
40,60,40,250,35,160,5,0,44.21,72,75,12
40,60,40,250,35,160,5,0,47.29,70,77,12
40,60,40,250,35,160,5,0,48.83,72,77,12
40,60,40,250,35,160,5,0,44.03,70,73,13
40,60,40,250,35,160,5,0,42.8,72,74,13
40,60,40,250,35,160,5,0,44.36,70,73,13
40,60,40,250,35,160,15,1,51.03,69,71,14
40,60,40,250,35,160,15,1,54.29,70,72,13
40,60,40,250,35,160,15,1,52.79,72,77,14
40,60,40,250,35,160,15,1,50.66,70,72,13
40,60,40,250,35,160,15,1,51.26,70,74,13
40,60,40,250,35,160,15,1,46.36,71,77,13
40,60,40,250,35,160,15,1,51.46,70,73,14
40,60,40,250,35,160,15,1,52.23,70,75,14
40,60,40,250,35,160,15,1,50.45,70,73,15
40,60,40,250,35,160,15,1,43.85,71,73,14
40,60,40,250,35,160,15,0,50.54,60,70,13
40,60,40,250,35,160,15,0,52,70,74,13
40,60,40,250,35,160,15,0,55.84,72,78,13
40,60,40,250,35,160,15,0,51.25,70,72,13
40,60,40,250,35,160,15,0,52.96,72,76,13
40,60,40,250,35,160,15,0,50.46,72,75,14
40,60,40,250,35,160,15,0,53.67,70,73,13
40,60,40,250,35,160,15,0,46.03,70,74,14
40,60,40,250,35,160,15,0,52.81,71,76,14
40,60,40,250,35,160,15,0,44.24,70,74,14
40,60,40,250,35,160,25,1,50.61,71,74,14
40,60,40,250,35,160,25,1,50.28,69,73,13
40,60,40,250,35,160,25,1,54.84,73,75,13
40,60,40,250,35,160,25,1,49.34,71,72,13
40,60,40,250,35,160,25,1,51.4,70,74,13
40,60,40,250,35,160,25,1,51.59,70,75,15
40,60,40,250,35,160,25,1,50.21,70,72,15
40,60,40,250,35,160,25,1,50.67,71,76,15
40,60,40,250,35,160,25,1,50.72,70,74,15
40,60,40,250,35,160,25,1,45.44,72,76,13
40,60,40,250,35,160,25,0,47.17,74,80,14
40,60,40,250,35,160,25,0,56.08,71,76,13
40,60,40,250,35,160,25,0,49.33,71,76,13
40,60,40,250,35,160,25,0,44.79,72,76,13
40,60,40,250,35,160,25,0,46.62,72,76,13
40,60,40,250,35,160,25,0,49.11,72,77,13
40,60,40,250,35,160,25,0,51.25,72,77,15
40,60,40,250,35,160,25,0,50.26,71,74,14
40,60,40,250,35,160,25,0,46.75,70,77,13
40,60,40,250,35,160,25,0,42.34,70,75,13
40,60,40,250,35,160,5,1,48.61,70,81,12
40,60,40,250,35,180,5,1,52.96,70,74,11
40,60,40,250,35,180,5,1,53.62,69,72,11
40,60,40,250,35,180,5,1,51.71,69,70,12
40,60,40,250,35,180,5,1,50.42,73,77,11
40,60,40,250,35,180,5,1,43.39,69,74,12
40,60,40,250,35,180,5,1,53.02,72,77,12
40,60,40,250,35,180,5,1,48.47,74,79,11
40,60,40,250,35,180,5,1,33.96,70,74,11
40,60,40,250,35,180,5,1,48.31,71,74,11
40,60,40,250,35,180,5,0,50.22,74,79,11
40,60,40,250,35,180,5,0,54.26,76,77,11
40,60,40,250,35,180,5,0,55.47,70,72,11
40,60,40,250,35,180,5,0,52.91,70,74,12
40,60,40,250,35,180,5,0,50.25,72,79,12
40,60,40,250,35,180,5,0,47.18,72,76,12
40,60,40,250,35,180,5,0,49.88,73,79,12
40,60,40,250,35,180,5,0,49.52,73,76,11
40,60,40,250,35,180,5,0,54.07,75,78,10
40,60,40,250,35,180,5,0,46.13,70,71,12
40,60,40,250,35,180,15,1,52.47,74,79,12
40,60,40,250,35,180,15,1,51.07,72,77,12
40,60,40,250,35,180,15,1,52.83,72,78,11
40,60,40,250,35,180,15,1,51.78,70,75,12
40,60,40,250,35,180,15,1,50.65,72,78,13
40,60,40,250,35,180,15,1,48.64,71,74,12
40,60,40,250,35,180,15,1,60.84,72,77,13
40,60,40,250,35,180,15,1,46.02,70,75,12
40,60,40,250,35,180,15,1,55.96,72,74,12
40,60,40,250,35,180,15,1,45.16,72,78,12
40,60,40,250,35,180,15,0,49.96,72,79,11
40,60,40,250,35,180,15,0,52.37,71,79,11
40,60,40,250,35,180,15,0,53.6,72,73,12
40,60,40,250,35,180,15,0,50.96,72,74,11
40,60,40,250,35,180,15,0,53.12,73,77,12
40,60,40,250,35,180,15,0,52.26,73,79,13
40,60,40,250,35,180,15,0,49.75,71,77,12
40,60,40,250,35,180,15,0,45.07,73,75,12
40,60,40,250,35,180,15,0,51.55,72,75,12
40,60,40,250,35,180,15,0,48.86,70,76,11
40,60,40,250,35,180,25,1,46.49,72,80,12
40,60,40,250,35,180,25,1,52.22,70,75,13
40,60,40,250,35,180,25,1,55.15,72,75,12
40,60,40,250,35,180,25,1,50.61,70,75,12
40,60,40,250,35,180,25,1,53.06,70,74,11
40,60,40,250,35,180,25,1,46.73,71,75,11
40,60,40,250,35,180,25,1,48.59,70,77,11
40,60,40,250,35,180,25,1,46.88,70,75,11
40,60,40,250,35,180,25,1,50.25,72,76,12
40,60,40,250,35,180,25,1,45.51,72,78,11
40,60,40,250,35,180,25,0,47.3,72,81,12
40,60,40,250,35,180,25,0,50.03,75,77,13
40,60,40,250,35,180,25,0,56.27,72,74,11
40,60,40,250,35,180,25,0,51.97,72,76,12
40,60,40,250,35,180,25,0,47.55,72,76,13
40,60,40,250,35,180,25,0,51.39,72,77,12
40,60,40,250,35,180,25,0,51.15,73,78,11
40,60,40,250,35,180,25,0,48.95,72,77,12
40,60,40,250,35,180,25,0,48.19,71,79,11
40,60,40,250,35,180,25,0,41,72,77,11
